actor1,actor2,shows,num
3748,3308,"The Irishman, GoodFellas, Taxi Driver, The Irishman: In Conversation",4
1549,11472,"Monty Python: Almost the Truth (The Lawyer's Cut), Life of Brian, Parrot Sketch Not Included: Twenty Years of Monty Python, Monty Python's Personal Best, Monty Python Conquers America, Monty Python: Live at Aspen, Monty Python Live at the Hollywood Bowl, Before the Flying Circus, Monty Python's Fliegender Zirkus, Monty Python and the Holy Grail",10
1549,11473,"The Meaning of Monty Python, Monty Python: Almost the Truth (The Lawyer's Cut), Monty Python: The Meaning of Live, Life of Brian, Parrot Sketch Not Included: Twenty Years of Monty Python, Monty Python's Personal Best, Monty Python Conquers America, Monty Python: Live at Aspen, Monty Python Live at the Hollywood Bowl, Before the Flying Circus, Monty Python and the Holy Grail, Monty Python: Live (Mostly)",12
1549,11474,"The Meaning of Monty Python, Monty Python: Almost the Truth (The Lawyer's Cut), Monty Python: The Meaning of Live, Life of Brian, Parrot Sketch Not Included: Twenty Years of Monty Python, Monty Python's Personal Best, Monty Python Conquers America, Monty Python: Live at Aspen, Monty Python Live at the Hollywood Bowl, Before the Flying Circus, Monty Python's Fliegender Zirkus, Monty Python and the Holy Grail, Monty Python: Live (Mostly)",13
1549,11475,"The Meaning of Monty Python, Monty Python: Almost the Truth (The Lawyer's Cut), Monty Python: The Meaning of Live, Life of Brian, Parrot Sketch Not Included: Twenty Years of Monty Python, Monty Python's Personal Best, Monty Python Conquers America, Monty Python: Live at Aspen, Monty Python Live at the Hollywood Bowl, Before the Flying Circus, Monty Python's Fliegender Zirkus, Monty Python and the Holy Grail, Monty Python: Live (Mostly)",13
1549,11476,"The Meaning of Monty Python, Monty Python: Almost the Truth (The Lawyer's Cut), Monty Python: The Meaning of Live, Life of Brian, Parrot Sketch Not Included: Twenty Years of Monty Python, Monty Python's Personal Best, Monty Python Conquers America, Monty Python: Live at Aspen, Monty Python Live at the Hollywood Bowl, Before the Flying Circus, Monty Python's Fliegender Zirkus, Monty Python and the Holy Grail, Monty Python: Live (Mostly)",13
1549,11478,"Monty Python: The Meaning of Live, Monty Python: Almost the Truth (The Lawyer's Cut), Life of Brian, Monty Python Live at the Hollywood Bowl, Monty Python and the Holy Grail, Monty Python: Live (Mostly)",6
11472,11473,"Monty Python: Almost the Truth (The Lawyer's Cut), Life of Brian, Parrot Sketch Not Included: Twenty Years of Monty Python, Monty Python's Personal Best, Monty Python Conquers America, Monty Python: Live at Aspen, Monty Python Live at the Hollywood Bowl, Before the Flying Circus, Monty Python's Flying Circus, Monty Python and the Holy Grail",10
11472,11474,"Monty Python: Almost the Truth (The Lawyer's Cut), Life of Brian, Parrot Sketch Not Included: Twenty Years of Monty Python, Monty Python's Personal Best, Monty Python Conquers America, Monty Python: Live at Aspen, Monty Python Live at the Hollywood Bowl, Monty Python's Flying Circus, Before the Flying Circus, Monty Python's Fliegender Zirkus, Monty Python and the Holy Grail",11
11472,11475,"Monty Python: Almost the Truth (The Lawyer's Cut), Life of Brian, Parrot Sketch Not Included: Twenty Years of Monty Python, Monty Python's Personal Best, Monty Python Conquers America, Monty Python: Live at Aspen, Monty Python Live at the Hollywood Bowl, Monty Python's Flying Circus, Before the Flying Circus, Monty Python's Fliegender Zirkus, Monty Python and the Holy Grail",11
11472,11476,"Monty Python: Almost the Truth (The Lawyer's Cut), Life of Brian, Parrot Sketch Not Included: Twenty Years of Monty Python, Monty Python's Personal Best, Monty Python Conquers America, Monty Python: Live at Aspen, Monty Python Live at the Hollywood Bowl, Monty Python's Flying Circus, Before the Flying Circus, Monty Python's Fliegender Zirkus, Monty Python and the Holy Grail",11
11472,11478,"Monty Python and the Holy Grail, Monty Python Live at the Hollywood Bowl, Life of Brian, Monty Python: Almost the Truth (The Lawyer's Cut)",4
11473,11474,"The Meaning of Monty Python, Monty Python: Almost the Truth (The Lawyer's Cut), Monty Python: The Meaning of Live, Life of Brian, Parrot Sketch Not Included: Twenty Years of Monty Python, Monty Python's Personal Best, Monty Python Conquers America, Monty Python: Live at Aspen, Monty Python Live at the Hollywood Bowl, Before the Flying Circus, Monty Python's Flying Circus, Monty Python and the Holy Grail, Monty Python: Live (Mostly)",13
11473,11475,"The Meaning of Monty Python, Monty Python: Almost the Truth (The Lawyer's Cut), Monty Python: The Meaning of Live, Life of Brian, Parrot Sketch Not Included: Twenty Years of Monty Python, Monty Python's Personal Best, Monty Python Conquers America, Monty Python: Live at Aspen, Monty Python Live at the Hollywood Bowl, Before the Flying Circus, Monty Python's Flying Circus, Monty Python and the Holy Grail, Monty Python: Live (Mostly)",13
11473,11476,"The Meaning of Monty Python, Monty Python: Almost the Truth (The Lawyer's Cut), Monty Python: The Meaning of Live, Life of Brian, Parrot Sketch Not Included: Twenty Years of Monty Python, Monty Python's Personal Best, Monty Python Conquers America, Monty Python: Live at Aspen, Monty Python Live at the Hollywood Bowl, Before the Flying Circus, Monty Python's Flying Circus, Monty Python and the Holy Grail, Monty Python: Live (Mostly)",13
11473,11478,"Monty Python: The Meaning of Live, Monty Python: Almost the Truth (The Lawyer's Cut), Life of Brian, Monty Python Live at the Hollywood Bowl, Monty Python and the Holy Grail, Monty Python: Live (Mostly)",6
11474,11475,"The Meaning of Monty Python, Monty Python: Almost the Truth (The Lawyer's Cut), Monty Python: The Meaning of Live, Life of Brian, Parrot Sketch Not Included: Twenty Years of Monty Python, Monty Python's Personal Best, Monty Python Conquers America, Monty Python: Live at Aspen, Monty Python Live at the Hollywood Bowl, Monty Python's Flying Circus, Before the Flying Circus, Monty Python's Fliegender Zirkus, Monty Python and the Holy Grail, Monty Python: Live (Mostly)",14
11474,11476,"The Meaning of Monty Python, Monty Python: Almost the Truth (The Lawyer's Cut), Monty Python: The Meaning of Live, Life of Brian, Parrot Sketch Not Included: Twenty Years of Monty Python, Monty Python's Personal Best, Monty Python Conquers America, Monty Python: Live at Aspen, Monty Python Live at the Hollywood Bowl, Monty Python's Flying Circus, Before the Flying Circus, Monty Python's Fliegender Zirkus, Monty Python and the Holy Grail, Monty Python: Live (Mostly)",14
11474,11478,"Monty Python: The Meaning of Live, Monty Python: Almost the Truth (The Lawyer's Cut), Life of Brian, Monty Python Live at the Hollywood Bowl, Monty Python and the Holy Grail, Monty Python: Live (Mostly)",6
11475,11476,"The Meaning of Monty Python, Monty Python: Almost the Truth (The Lawyer's Cut), Monty Python: The Meaning of Live, Life of Brian, Parrot Sketch Not Included: Twenty Years of Monty Python, Monty Python's Personal Best, Monty Python Conquers America, Monty Python: Live at Aspen, Monty Python Live at the Hollywood Bowl, Monty Python's Flying Circus, Before the Flying Circus, Monty Python's Fliegender Zirkus, Monty Python and the Holy Grail, Monty Python: Live (Mostly)",14
11475,11478,"Monty Python: The Meaning of Live, Monty Python: Almost the Truth (The Lawyer's Cut), Life of Brian, Monty Python Live at the Hollywood Bowl, Monty Python and the Holy Grail, Monty Python: Live (Mostly)",6
11476,11478,"Monty Python: The Meaning of Live, Monty Python: Almost the Truth (The Lawyer's Cut), Life of Brian, Monty Python Live at the Hollywood Bowl, Monty Python and the Holy Grail, Monty Python: Live (Mostly)",6
28172,97338,"Mobile Suit Gundam: Char's Counterattack, Mobile Suit Gundam II: Soldiers of Sorrow, Mobile Suit Gundam III: Encounters in Space",3
62784,38637,"Mujrim, Phir Bhi Dil Hai Hindustani, Phir Hera Pheri",3
62784,54349,"Aakhri Adaalat, Mujrim, Duplicate, Jaal",4
22308,28164,"One Piece: Episode of Chopper Plus: Bloom in the Winter, Miracle Cherry Blossom, One Piece: Strong World, One Piece",3
22308,58214,"One Piece: The Desert Princess and the Pirates: Adventure in Alabasta, One Piece: Episode of Chopper Plus: Bloom in the Winter, Miracle Cherry Blossom, One Piece Film: Z, One Piece, One Piece: Strong World",5
22308,58215,"One Piece: The Desert Princess and the Pirates: Adventure in Alabasta, One Piece: Episode of Chopper Plus: Bloom in the Winter, Miracle Cherry Blossom, One Piece Film: Z, One Piece, One Piece: Strong World",5
22308,60138,"One Piece: The Desert Princess and the Pirates: Adventure in Alabasta, One Piece: Episode of Chopper Plus: Bloom in the Winter, Miracle Cherry Blossom, One Piece Film: Z, One Piece, One Piece: Strong World",5
22308,177866,"One Piece: The Desert Princess and the Pirates: Adventure in Alabasta, One Piece: Episode of Chopper Plus: Bloom in the Winter, Miracle Cherry Blossom, One Piece Film: Z, One Piece, One Piece: Strong World",5
22308,36373,"One Piece: Episode of Chopper Plus: Bloom in the Winter, Miracle Cherry Blossom, One Piece: Strong World, One Piece",3
22308,45306,"One Piece: Strong World, One Piece, One Piece Film: Z",3
22308,58718,"One Piece: The Desert Princess and the Pirates: Adventure in Alabasta, One Piece: Episode of Chopper Plus: Bloom in the Winter, Miracle Cherry Blossom, One Piece Film: Z, One Piece, One Piece: Strong World",5
28164,58214,"One Piece: The Desert Princess and the Pirates: Adventure in Alabasta, One Piece: Episode of Chopper Plus: Bloom in the Winter, Miracle Cherry Blossom, One Piece Film: Z, One Piece, One Piece: Strong World",5
28164,58215,"One Piece: The Desert Princess and the Pirates: Adventure in Alabasta, One Piece: Episode of Chopper Plus: Bloom in the Winter, Miracle Cherry Blossom, One Piece Film: Z, One Piece, One Piece: Strong World",5
28164,60138,"One Piece: The Desert Princess and the Pirates: Adventure in Alabasta, One Piece: Episode of Chopper Plus: Bloom in the Winter, Miracle Cherry Blossom, One Piece Film: Z, One Piece, One Piece: Strong World",5
28164,177866,"One Piece: The Desert Princess and the Pirates: Adventure in Alabasta, One Piece: Episode of Chopper Plus: Bloom in the Winter, Miracle Cherry Blossom, One Piece Film: Z, One Piece, One Piece: Strong World",5
28164,36373,"One Piece: The Desert Princess and the Pirates: Adventure in Alabasta, One Piece: Episode of Chopper Plus: Bloom in the Winter, Miracle Cherry Blossom, One Piece Film: Z, One Piece, One Piece: Strong World",5
28164,45306,"One Piece: Strong World, One Piece, One Piece Film: Z",3
28164,58718,"One Piece: The Desert Princess and the Pirates: Adventure in Alabasta, One Piece: Episode of Chopper Plus: Bloom in the Winter, Miracle Cherry Blossom, One Piece Film: Z, One Piece, One Piece: Strong World",5
58214,58215,"One Piece: The Desert Princess and the Pirates: Adventure in Alabasta, One Piece: Episode of Chopper Plus: Bloom in the Winter, Miracle Cherry Blossom, One Piece Film: Z, One Piece, One Piece: Strong World",5
58214,60138,"One Piece: The Desert Princess and the Pirates: Adventure in Alabasta, One Piece: Episode of Chopper Plus: Bloom in the Winter, Miracle Cherry Blossom, One Piece Film: Z, One Piece, One Piece: Strong World",5
58214,177866,"One Piece: Episode of Chopper Plus: Bloom in the Winter, Miracle Cherry Blossom, One Piece: Strong World, One Piece",3
58214,36373,"One Piece: Episode of Chopper Plus: Bloom in the Winter, Miracle Cherry Blossom, One Piece: Strong World, One Piece",3
58214,45306,"One Piece: Strong World, One Piece, One Piece Film: Z",3
58214,58718,"One Piece: Episode of Chopper Plus: Bloom in the Winter, Miracle Cherry Blossom, One Piece: Strong World, One Piece",3
58215,60138,"One Piece: The Desert Princess and the Pirates: Adventure in Alabasta, One Piece: Episode of Chopper Plus: Bloom in the Winter, Miracle Cherry Blossom, One Piece Film: Z, Tiger & Bunny: The Beginning, One Piece, One Piece: Strong World",6
58215,177866,"One Piece: Episode of Chopper Plus: Bloom in the Winter, Miracle Cherry Blossom, One Piece: Strong World, One Piece",3
58215,36373,"One Piece: Episode of Chopper Plus: Bloom in the Winter, Miracle Cherry Blossom, One Piece: Strong World, One Piece",3
58215,45306,"Inuyasha the Movie: Affections Touching Across Time, Inuyasha the Movie 3: Swords of an Honorable Ruler, One Piece Film: Z, One Piece, Inuyasha the Movie 4: Fire on the Mystic Island, One Piece: Strong World",6
58215,58718,"One Piece: Episode of Chopper Plus: Bloom in the Winter, Miracle Cherry Blossom, One Piece: Strong World, One Piece",3
60138,177866,"One Piece: Episode of Chopper Plus: Bloom in the Winter, Miracle Cherry Blossom, One Piece: Strong World, One Piece",3
60138,36373,"One Piece: Episode of Chopper Plus: Bloom in the Winter, Miracle Cherry Blossom, One Piece: Strong World, One Piece",3
60138,45306,"One Piece: Strong World, One Piece, One Piece Film: Z",3
60138,58718,"One Piece: Episode of Chopper Plus: Bloom in the Winter, Miracle Cherry Blossom, One Piece: Strong World, One Piece",3
177866,36373,"One Piece: Episode of Chopper Plus: Bloom in the Winter, Miracle Cherry Blossom, One Piece: Strong World, One Piece",3
177866,45306,"One Piece: Strong World, One Piece, One Piece Film: Z",3
177866,58718,"One Piece: The Desert Princess and the Pirates: Adventure in Alabasta, One Piece: Episode of Chopper Plus: Bloom in the Winter, Miracle Cherry Blossom, One Piece Film: Z, One Piece, One Piece: Strong World",5
36373,45306,"One Piece: Strong World, One Piece, One Piece Film: Z",3
36373,58718,"One Piece: The Desert Princess and the Pirates: Adventure in Alabasta, One Piece: Episode of Chopper Plus: Bloom in the Winter, Miracle Cherry Blossom, One Piece Film: Z, One Piece, One Piece: Strong World",5
28166,22311,"Pokémon the Movie: Secrets of the Jungle, Pokemon the Movie: Mewtwo Strikes Back - Evolution, Ghost in the Shell: SAC_2045, Ghost in the Shell: SAC_2045 Sustainable War, Cowboy Bebop",5
2317,2327,"The Ridiculous 6, Big Daddy, Grown Ups, Murder Mystery, The Do-Over, The Week Of, Sandy Wexler, Hubie Halloween",8
2317,8472,"The Ridiculous 6, Big Daddy, Grown Ups, Sandy Wexler, Hubie Halloween",5
2317,24221,"Big Daddy, The Do-Over, Adam Sandler: 100% Fresh",3
2317,2338,"The Meyerowitz Stories (New and Selected), The Ridiculous 6, Big Daddy, The Do-Over, The Week Of, Sandy Wexler, Hubie Halloween",7
2317,2345,"Big Daddy, Murder Mystery, Sandy Wexler, Hubie Halloween",4
2317,18238,"The Ridiculous 6, Big Daddy, Murder Mystery, The Do-Over, Sandy Wexler",5
2327,8472,"The Ridiculous 6, Home Team, The Wrong Missy, Big Daddy, Grown Ups, Sandy Wexler, Hubie Halloween",7
2327,2338,"The Ridiculous 6, Father of the Year, Home Team, The Wrong Missy, Big Daddy, The Do-Over, The Week Of, Sandy Wexler, Hubie Halloween",9
2327,2345,"Father of the Year, The Wrong Missy, Big Daddy, Murder Mystery, Sandy Wexler, Hubie Halloween",6
2327,18238,"The Ridiculous 6, The Wrong Missy, Big Daddy, Murder Mystery, The Do-Over, Sandy Wexler",6
8472,2338,"The Ridiculous 6, Home Team, The Wrong Missy, Big Daddy, Sandy Wexler, Hubie Halloween",6
8472,2345,"Big Daddy, Hubie Halloween, Sandy Wexler, The Wrong Missy",4
8472,18238,"Big Daddy, Sandy Wexler, The Ridiculous 6, The Wrong Missy",4
5145,2338,"Big Daddy, Hubie Halloween, The Ridiculous 6, The Week Of",4
24221,2338,"Big Daddy, Sandy Wexler, The Do-Over, Hubie Halloween",4
24221,2345,"Big Daddy, Sandy Wexler, Hubie Halloween",3
24221,18238,"Big Daddy, Sandy Wexler, The Do-Over",3
2338,2345,"Father of the Year, The Wrong Missy, Big Daddy, Sandy Wexler, Hubie Halloween",5
2338,18238,"The Ridiculous 6, The Wrong Missy, Big Daddy, The Do-Over, Sandy Wexler",5
2345,18238,"Big Daddy, Murder Mystery, Sandy Wexler, The Wrong Missy",4
434,58215,"Inuyasha the Movie 4: Fire on the Mystic Island, Inuyasha the Movie: Affections Touching Across Time, InuYasha",3
84497,104145,"Neon Genesis Evangelion: The End of Evangelion, BAKI, Violet Evergarden: The Movie",3
38632,38633,"Kabhi Khushi Kabhie Gham, Kuch Kuch Hota Hai, Kal Ho Naa Ho, Duplicate, Zero, Om Shanti Om, Kabhi Alvida Naa Kehna",7
38632,45227,"Kuch Kuch Hota Hai, Paheli, Kabhi Alvida Naa Kehna, Chalte Chalte",4
38632,38637,"Kabhi Khushi Kabhie Gham, Kuch Kuch Hota Hai, Anjaam, Phir Bhi Dil Hai Hindustani, Chalte Chalte",5
38632,45230,"Kuch Kuch Hota Hai, Om Shanti Om, Kabhi Alvida Naa Kehna",3
38633,45230,"Kuch Kuch Hota Hai, Om Shanti Om, Kabhi Alvida Naa Kehna",3
45227,45228,"Zero, Kuch Kuch Hota Hai, Hello Brother",3
45227,38637,"Kabhi Khushi Kabhie Gham, Kuch Kuch Hota Hai, Chalte Chalte",3
45227,45230,"Kabhi Khushi Kabhie Gham, Kuch Kuch Hota Hai, Luck by Chance, Bombay Talkies, Om Shanti Om, Kabhi Alvida Naa Kehna",6
63306,38637,"Kabhi Khushi Kabhie Gham, Kuch Kuch Hota Hai, Anjaam",3
45228,62780,"Hum Aapke Hain Koun..!, Om Shanti Om, Hum Saath Saath Hain",3
63361,38632,"Dil Se.., Om Shanti Om, Kabhi Alvida Naa Kehna, Kal Ho Naa Ho",4
145986,64475,"Love per Square Foot, Dil Se.., Ray",3
38632,258026,"Zero, Phir Bhi Dil Hai Hindustani, Dil Se..",3
30234,28469,"Wild Tango, Offering to the Storm, The Legacy of the Bones",3
45444,45436,"Bombay, Bāhubali: The Beginning, Bāhubali 2: The Conclusion",3
64203,66323,"Kannathil Muthamittal, Bombay, Ok Kanmani",3
64203,45436,"Bombay, Minsara Kanavu, Sei, Sila Samayangalil",4
5410,61013,"Bombay Talkies, Dil Dhadakne Do, Mann",3
45227,61013,"Luck by Chance, Talaash, Mann, Bombay Talkies",4
62784,64107,"Kisaan, Soldier, Phir Bhi Dil Hai Hindustani",3
53151,62780,"Om Shanti Om, Hum Saath Saath Hain, Kal Ho Naa Ho",3
53151,61019,"Bombay Talkies, Om Shanti Om, Hum Saath Saath Hain",3
45228,61019,"Zero, Om Shanti Om, Hum Saath Saath Hain, Bodyguard",4
2124,11474,"Monty Python: Live at Aspen, Monty Python: Live (Mostly), What About Dick?",3
29760,38632,"Phir Bhi Dil Hai Hindustani, Luck by Chance, Duplicate, Bombay Talkies, Paheli, Zero, Om Shanti Om",7
29760,38633,"Duplicate, Zero, Om Shanti Om",3
69034,38637,"Dhoondte Reh Jaaoge, Phir Bhi Dil Hai Hindustani, Phir Hera Pheri, Awara Paagal Deewana, Kannum Kannum Kollaiyadithaal",5
62780,38632,"Phir Bhi Dil Hai Hindustani, Om Shanti Om, Kal Ho Naa Ho",3
65673,64509,"Kisaan, Jaane Tu... Ya Jaane Na, Hello Brother",3
31988,65831,"One Last Shot, Trailer Park Boys: Live at the North Pole, The Trailer Park Boys Xmas Special, Trailer Park Boys: Out of the Park: Europe, Trailer Park Boys: The Animated Series, Trailer Park Boys: Out of the Park: USA, Trailer Park Boys - Live in F**kin' Dublin",7
10373,4570,"The Road to El Camino: Behind the Scenes of El Camino: A Breaking Bad Movie, Breaking Bad, El Camino: A Breaking Bad Movie",3
12429,17124,"Starsky & Hutch, Old School, Due Date",3
1069,17124,"Starsky & Hutch, Semi-Pro, Old School",3
18723,14142,"LEGO DC Comics Super Heroes: Batman Be-Leaguered, Avatar: The Last Airbender, Sharkdog’s Fintastic Halloween",3
8707,15921,"Unbreakable Kimmy Schmidt: Kimmy vs. the Reverend, Michael Bolton's Big, Sexy Valentine's Day Special, Anchorman: The Legend of Ron Burgundy",3
4677,4216,"Kung Fu Panda 3, Kung Fu Panda 2, Kung Fu Panda: Secrets of the Scroll, Anchorman: The Legend of Ron Burgundy",4
88323,389,"Naruto Shippuden the Movie: Bonds, Naruto, Tiger & Bunny: The Rising",3
388,389,"Shaman King, Naruto, Naruto Shippuden the Movie: The Will of Fire",3
388,30774,"Naruto, Naruto Shippuden the Movie, Naruto Shippuden the Movie: The Will of Fire",3
388,57654,"Naruto Shippuden the Movie: The Will of Fire, Bleach the Movie: Hell Verse, Naruto, Bleach the Movie: Fade to Black",4
388,57416,"Naruto, Naruto Shippuden the Movie, Naruto Shippuden the Movie: The Will of Fire",3
388,57417,"Naruto, Naruto Shippuden the Movie, Naruto Shippuden the Movie: The Will of Fire",3
388,57418,"Naruto, Naruto Shippuden the Movie, Naruto Shippuden the Movie: The Will of Fire",3
389,30774,"Naruto Shippuden the Movie: Bonds, Naruto, Naruto Shippuden the Movie: The Will of Fire",3
389,57654,"Naruto Shippuden the Movie: Bonds, Naruto, Naruto Shippuden the Movie: The Will of Fire",3
389,57416,"Naruto Shippuden the Movie: Bonds, Naruto, Naruto Shippuden the Movie: The Will of Fire",3
389,57417,"Naruto Shippuden the Movie: Bonds, Naruto, Naruto Shippuden the Movie: The Will of Fire",3
389,57418,"Naruto Shippuden the Movie: Bonds, Naruto, Naruto Shippuden the Movie: The Will of Fire",3
30774,57656,"Naruto Shippuden the Movie: Blood Prison, Naruto, Naruto Shippuden the Movie: The Will of Fire",3
30774,57654,"Naruto Shippuden the Movie: Blood Prison, Naruto Shippuden the Movie: Bonds, Naruto, Naruto Shippuden the Movie: The Will of Fire",4
30774,57416,"Naruto Shippuden the Movie: Blood Prison, Naruto Shippuden the Movie: Bonds, Naruto, Naruto Shippuden the Movie",4
30774,57417,"Naruto Shippuden the Movie: Blood Prison, Naruto Shippuden the Movie: Bonds, Naruto, Naruto Shippuden the Movie",4
30774,57418,"Naruto Shippuden the Movie: Blood Prison, Naruto Shippuden the Movie: Bonds, Naruto, Naruto Shippuden the Movie",4
57654,57416,"Naruto Shippuden the Movie: Blood Prison, Naruto Shippuden the Movie: Bonds, Naruto",3
57654,57417,"Naruto Shippuden the Movie: Blood Prison, Naruto Shippuden the Movie: Bonds, Naruto",3
57654,57418,"Naruto Shippuden the Movie: Blood Prison, Naruto Shippuden the Movie: Bonds, Naruto",3
57416,57417,"Naruto Shippuden the Movie: The Will of Fire, Naruto: Guardians of the Crescent Moon Kingdom, Naruto Shippuden the Movie, Naruto Shippuden the Movie: Blood Prison, Naruto Shippuden the Movie: Bonds, Naruto, Naruto: Ninja Clash in the Land of Snow, Naruto Shippuden the Movie: The Lost Tower",8
57416,57418,"Naruto Shippuden the Movie: The Will of Fire, Naruto: Guardians of the Crescent Moon Kingdom, Naruto Shippuden the Movie, Naruto Shippuden the Movie: Blood Prison, Naruto Shippuden the Movie: Bonds, Naruto, Naruto: Ninja Clash in the Land of Snow, Naruto Shippuden the Movie: The Lost Tower",8
57417,57418,"Naruto Shippuden the Movie: The Will of Fire, Naruto: Guardians of the Crescent Moon Kingdom, Naruto: Legend of the Stone of Gelel, Naruto Shippuden the Movie, Naruto Shippuden the Movie: Blood Prison, Naruto Shippuden the Movie: Bonds, Naruto, Naruto: Ninja Clash in the Land of Snow, Naruto Shippuden the Movie: The Lost Tower",9
20372,34837,"My Little Pony: Friendship Is Magic, My Little Pony: Equestria Girls, My Little Pony: A New Generation",3
20372,34838,"My Little Pony: Friendship Is Magic, My Little Pony: Equestria Girls, My Little Pony: A New Generation",3
34837,34838,"Pac’s Scary Halloween, Santa Pac's Merry Berry Day, My Little Pony: Friendship Is Magic, My Little Pony: Equestria Girls, Pac-Man and the Ghostly Adventures",5
34837,34966,"Dinotrux, Pac’s Scary Halloween, Santa Pac's Merry Berry Day, Dinotrux: Supercharged, My Little Pony: Friendship Is Magic, Pac-Man and the Ghostly Adventures",6
34838,34966,"Pac’s Scary Halloween, Santa Pac's Merry Berry Day, My Little Pony: Friendship Is Magic, Super Monsters Save Christmas, Super Monsters and the Wish Star, Pac-Man and the Ghostly Adventures, Super Monsters Furever Friends",7
65830,65831,"Trailer Park Boys, Swearnet: The Movie, Trailer Park Boys: Drunk, High and Unemployed: Live In Austin, Trailer Park Boys: Live at the North Pole, The Trailer Park Boys Xmas Special, Trailer Park Boys: Out of the Park: Europe, Trailer Park Boys: The Animated Series, Trailer Park Boys: The Movie, Trailer Park Boys: Say Goodnight to the Bad Guys, Trailer Park Boys: Out of the Park: USA, Trailer Park Boys: Countdown to Liquor Day, Swearnet Live, Trailer Park Boys - Live in F**kin' Dublin",13
65830,65832,"Trailer Park Boys, Swearnet: The Movie, Trailer Park Boys: Drunk, High and Unemployed: Live In Austin, Trailer Park Boys: The Movie, Trailer Park Boys: Say Goodnight to the Bad Guys, Trailer Park Boys: Countdown to Liquor Day, Swearnet Live",7
65830,31988,"Trailer Park Boys, Swearnet: The Movie, Trailer Park Boys: Drunk, High and Unemployed: Live In Austin, Trailer Park Boys: The Movie, Trailer Park Boys: Say Goodnight to the Bad Guys, Trailer Park Boys: Countdown to Liquor Day, Swearnet Live",7
65830,66201,"Trailer Park Boys, Trailer Park Boys: Drunk, High and Unemployed: Live In Austin, Trailer Park Boys: Say Goodnight to the Bad Guys, Trailer Park Boys: Countdown to Liquor Day, Swearnet Live",5
65831,65832,"Trailer Park Boys, Swearnet: The Movie, Trailer Park Boys: Drunk, High and Unemployed: Live In Austin, Trailer Park Boys: The Movie, Trailer Park Boys: Say Goodnight to the Bad Guys, Trailer Park Boys: Countdown to Liquor Day, Swearnet Live",7
65831,31988,"Trailer Park Boys, Swearnet: The Movie, Trailer Park Boys: Drunk, High and Unemployed: Live In Austin, Trailer Park Boys: The Movie, Trailer Park Boys: Say Goodnight to the Bad Guys, Trailer Park Boys: Countdown to Liquor Day, Swearnet Live",7
65831,66201,"Trailer Park Boys, Trailer Park Boys: Drunk, High and Unemployed: Live In Austin, Trailer Park Boys: Say Goodnight to the Bad Guys, Trailer Park Boys: Countdown to Liquor Day, Swearnet Live",5
65832,31988,"Trailer Park Boys, Swearnet: The Movie, Trailer Park Boys: Drunk, High and Unemployed: Live In Austin, Trailer Park Boys: The Movie, Trailer Park Boys: Say Goodnight to the Bad Guys, Trailer Park Boys: Countdown to Liquor Day, Swearnet Live",7
65832,66201,"Trailer Park Boys, Trailer Park Boys: Drunk, High and Unemployed: Live In Austin, Trailer Park Boys: Say Goodnight to the Bad Guys, Trailer Park Boys: Countdown to Liquor Day, Swearnet Live",5
31988,66201,"Trailer Park Boys, Trailer Park Boys: Drunk, High and Unemployed: Live In Austin, Trailer Park Boys: Say Goodnight to the Bad Guys, Trailer Park Boys: Countdown to Liquor Day, Swearnet Live",5
160,18238,"Get Smart, The Ridiculous 6, Sandy Wexler",3
20372,14143,"The Fairly OddParents, DC Super Hero Girls, My Little Pony: A New Generation",3
14142,14143,"The Fairly OddParents, Farzar, DC Super Hero Girls, Sharkdog’s Fintastic Halloween",4
2317,2322,"Grown Ups, Sandy Wexler, Hubie Halloween",3
2317,5146,"Norm Macdonald: Nothing Special, Grown Ups, The Do-Over",3
2317,2329,"The Ridiculous 6, Grown Ups, The Do-Over, Hustle, The Week Of, Hubie Halloween",6
2317,2350,"The Ridiculous 6, Grown Ups, Murder Mystery, The Do-Over, The Week Of, Sandy Wexler, Hubie Halloween",7
2317,17349,"Grown Ups, Sandy Wexler, Hubie Halloween",3
9233,2327,"Grown Ups, Sandy Wexler, The Week Of",3
9233,2350,"Grown Ups, Sandy Wexler, The Week Of",3
9233,17349,"Grown Ups, Sandy Wexler, Comedian",3
2322,2327,"Grown Ups, Sandy Wexler, Home Team, Hubie Halloween",4
2322,8472,"Grown Ups, Sandy Wexler, Home Team, Hubie Halloween",4
2322,2329,"Grown Ups, Home Team, Hubie Halloween",3
2322,2350,"Grown Ups, Sandy Wexler, Hubie Halloween",3
2322,17349,"Grown Ups, Sandy Wexler, Hubie Halloween",3
2327,5146,"Grown Ups, The Do-Over, Father of the Year, The Wrong Missy",4
2327,2329,"The Ridiculous 6, Home Team, Grown Ups, The Do-Over, The Week Of, Hubie Halloween",6
2327,2350,"The Ridiculous 6, The Wrong Missy, Grown Ups, Murder Mystery, The Do-Over, The Week Of, Sandy Wexler, Hubie Halloween",8
2327,17349,"Grown Ups, Sandy Wexler, Hubie Halloween",3
8472,2329,"Grown Ups, The Ridiculous 6, Home Team, Hubie Halloween",4
8472,2350,"The Ridiculous 6, The Wrong Missy, Grown Ups, Sandy Wexler, Hubie Halloween",5
8472,17349,"Grown Ups, Sandy Wexler, Hubie Halloween",3
5145,2329,"Grown Ups, Hubie Halloween, The Ridiculous 6, The Week Of",4
5145,2350,"Grown Ups, Hubie Halloween, The Ridiculous 6, The Week Of",4
5146,2350,"The Ridiculous 6, The Wrong Missy, Grown Ups, The Do-Over, Sandy Wexler",5
2329,2350,"The Ridiculous 6, Grown Ups, The Do-Over, The Week Of, Hubie Halloween",5
2350,17349,"Grown Ups, Sandy Wexler, Hubie Halloween",3
1538,5143,"Cloudy with a Chance of Meatballs, Michael Bolton's Big, Sexy Valentine's Day Special, Cloudy with a Chance of Meatballs 2, America: The Motion Picture",4
4096,8479,"Jackass 4.5, Jackass 3.5, Jackass: The Movie, Jackass Presents: Bad Grandpa .5, Jackass 2.5",5
4096,8480,"Jackass 4.5, Jackass 3.5, Jackass: The Movie, Jackass 2.5",4
4096,8492,"Jackass 4.5, Jackass 3.5, Jackass: The Movie, Jackass Presents: Bad Grandpa .5, Jackass 2.5",5
4096,66532,"Jackass 4.5, Jackass: The Movie, Jackass 3.5",3
4096,31590,"Jackass Presents: Bad Grandpa .5, Jackass 3.5, Jackass: The Movie, Jackass 2.5",4
8479,8480,"Jackass 4.5, Jackass 3.5, Jackass: The Movie, Jackass 2.5",4
8479,8492,"Jackass 4.5, Jackass 3.5, Jackass: The Movie, Jackass 2.5",4
8479,66532,"Jackass 4.5, Jackass: The Movie, Jackass 3.5",3
8479,31590,"Jackass 3.5, Jackass: The Movie, Jackass 2.5",3
8480,8492,"Jackass 4.5, Jackass 3.5, Jackass: The Movie, Jackass 2.5",4
8480,66532,"Jackass 4.5, Jackass: The Movie, Jackass 3.5",3
8480,31590,"Jackass 3.5, Jackass: The Movie, Jackass 2.5",3
8492,66532,"Jackass 4.5, Jackass: The Movie, Jackass 3.5",3
8492,31590,"Jackass 3.5, Jackass: The Movie, Jackass 2.5",3
6663,4465,"Ip Man, Ip Man 4: The Finale, Ip Man 3, Ip Man 2",4
453970,382,"Kuromukuro, Gurren Lagann, Naruto Shippuden the Movie",3
48004,61013,"Luck by Chance, Talaash, 3 Idiots, Bombay Talkies",4
48004,38636,"Luck by Chance, 3 Idiots, Ek Main Aur Ekk Tu, Don",4
61013,38636,"Luck by Chance, 3 Idiots, PK",3
132,11283,"Gantz:O, Black Butler, Magi, Godzilla: The Planet Eater",4
132,57653,"Black Butler, Back Street Girls -GOKUDOLS-, The Disastrous Life of Saiki K.",3
132,30778,"Kuroko's Basketball the Movie: Last Game, Black Butler, Back Street Girls -GOKUDOLS-, Kuroko's Basketball, Levius",5
388,395,"Black Butler, Bleach the Movie: Fade to Black, Bleach the Movie: Hell Verse",3
395,11283,"Black Butler, The Seven Deadly Sins, The Seven Deadly Sins: Prisoners of the Sky, The Seven Deadly Sins: Cursed by Light",4
395,35876,"Black Butler, Bleach the Movie: Hell Verse, Vampire Knight",3
395,30771,"Black Butler, The Seven Deadly Sins: Prisoners of the Sky, The Seven Deadly Sins: Cursed by Light, Ajin",4
395,30778,"Kuroko's Basketball, Black Butler, Vampire Knight",3
11283,30771,"Black Butler, The Seven Deadly Sins: Prisoners of the Sky, NiNoKuni, The Seven Deadly Sins: Cursed by Light",4
11283,30778,"Black Butler, Godzilla: Planet of the Monsters, Godzilla: City on the Edge of Battle",3
30771,30778,"Fate/Apocrypha, Black Butler, Super Crooks, The Piano Forest, Drifting Dragons",5
160,3911,"LA Originals, Starsky & Hutch, Soul Plane, Scary Movie 5",4
85702,12360,"Bright: Samurai Soul, Ouran High School Host Club, Godzilla: The Planet Eater, Ajin",4
85702,30771,"Bright: Samurai Soul, NiNoKuni, Carole & Tuesday, Ouran High School Host Club",4
10894,85543,"Naruto Shippuden the Movie: Blood Prison, Mobile Suit Gundam Unicorn, Tiger & Bunny: The Rising",3
12003,11377,"Mobile Suit Gundam Unicorn, Violet Evergarden, Violet Evergarden: The Movie",3
395,35983,"Kuroko's Basketball, Bleach the Movie: Hell Verse, Bleach the Movie: Fade to Black, Vampire Knight",4
35983,30778,"Kuroko's Basketball, Kuroko's Basketball the Movie: Last Game, Vampire Knight",3
388,35983,"Wolverine, Den-noh Coil, Naruto Shippuden the Movie, Bleach the Movie: Hell Verse, Bleach the Movie: Fade to Black",5
524,7997,"Open Season 2, Puss in Book: Trapped in an Epic Tale, All Hail King Julien: Exiled, All Hail King Julien",4
132,35983,"Kuroko's Basketball, Kuroko's Basketball the Movie: Last Game, Naruto Shippuden the Movie",3
132,453970,"Kuroko's Basketball, Kuroko's Basketball the Movie: Last Game, Naruto Shippuden the Movie",3
35983,453970,"Kuroko's Basketball, Kuroko's Basketball the Movie: Last Game, Naruto Shippuden the Movie",3
18054,3533,"LEGO Marvel Super Heroes: Guardians of the Galaxy - The Thanos Threat, Johnny Test, Johnny Test's Ultimate Meatloaf Quest",3
18054,24532,"Johnny Test, Johnny Test's Ultimate Meatloaf Quest, Ratchet & Clank",3
18054,1076,"Johnny Test, Johnny Test's Ultimate Meatloaf Quest, Ratchet & Clank",3
3533,1076,"Johnny Test, Johnny Test's Ultimate Meatloaf Quest, Open Season: Scared Silly",3
24532,1076,"Santa Pac's Merry Berry Day, Johnny Test, Pac-Man and the Ghostly Adventures, Pac’s Scary Halloween",4
24532,34837,"Santa Pac's Merry Berry Day, Johnny Test, Pac-Man and the Ghostly Adventures, Pac’s Scary Halloween",4
24532,10874,"Super Monsters Save Christmas, Johnny Test, Super Monsters and the Wish Star, Super Monsters Furever Friends",4
1076,10874,"Johnny Test, The Deep, Kong: King of the Apes, Open Season: Scared Silly",4
34837,10874,"Johnny Test, The Deep, LEGO Elves: Secrets of Elvendale",3
3911,20562,"Scary Movie 5, Snoop Dogg's F*cn Around Comedy Special, Katt Williams: The Pimp Chronicles Pt. 1",3
63361,53151,"Dil Chahta Hai, Om Shanti Om, Kal Ho Naa Ho",3
63361,6958,"Lakshya, Om Shanti Om, Kabhi Alvida Naa Kehna",3
63361,45227,"Om Shanti Om, Kabhi Alvida Naa Kehna, Kal Ho Naa Ho",3
63361,38633,"Om Shanti Om, Kabhi Alvida Naa Kehna, Kal Ho Naa Ho",3
48003,48004,"Brothers, Rowdy Rathore, Om Shanti Om, Gabbar Is Back",4
48003,64404,"Welcome, Awara Paagal Deewana, Om Shanti Om, Phir Hera Pheri",4
48003,63667,"Boss, Om Shanti Om, OMG: Oh My God!",3
48004,53150,"Bombay Talkies, Main Aurr Mrs Khanna, Om Shanti Om, Billu",4
48004,53151,"Bombay Talkies, Kurbaan, Om Shanti Om",3
48004,63656,"Don, We Are Family, Heroine, Om Shanti Om, Satyagraha",5
48004,63660,"Luck by Chance, Yuva, Om Shanti Om",3
48004,6958,"Kabhi Khushi Kabhie Gham, Bombay Talkies, Om Shanti Om, Satyagraha",4
48004,45228,"Main Aurr Mrs Khanna, Om Shanti Om, Bodyguard",3
48004,55476,"Kabhi Khushi Kabhie Gham, Luck by Chance, Om Shanti Om",3
48004,29760,"Luck by Chance, Bombay Talkies, Om Shanti Om",3
48004,61019,"Bombay Talkies, Om Shanti Om, Bodyguard",3
48004,45227,"Kabhi Khushi Kabhie Gham, Yuva, Luck by Chance, Talaash, Bombay Talkies, Om Shanti Om",6
48004,67165,"Luck by Chance, Kurbaan, Om Shanti Om",3
48004,38632,"Kabhi Khushi Kabhie Gham, Luck by Chance, Bombay Talkies, Don, Om Shanti Om, Billu",6
48004,38633,"Kabhi Khushi Kabhie Gham, Om Shanti Om, We Are Family",3
48004,45230,"Kabhi Khushi Kabhie Gham, Luck by Chance, Om Shanti Om, Bombay Talkies",4
48004,12022,"Bombay Talkies, Don, Om Shanti Om, Billu",4
48008,63660,"Dostana, Om Shanti Om, Kabhi Alvida Naa Kehna",3
63372,45227,"Luck by Chance, Om Shanti Om, Kal Ho Naa Ho",3
63372,38632,"Luck by Chance, Om Shanti Om, Kal Ho Naa Ho",3
63372,45230,"Luck by Chance, Om Shanti Om, Shaandaar, Lust Stories",4
53150,53151,"Race 2, Om Shanti Om, Love Aaj Kal, Bombay Talkies",4
53150,29760,"Zero, Bombay Talkies, Om Shanti Om",3
53150,61019,"Zero, Bombay Talkies, Om Shanti Om",3
53150,45227,"Zero, Bombay Talkies, Om Shanti Om",3
53150,38632,"Zero, Bombay Talkies, Om Shanti Om",3
53151,45227,"Bombay Talkies, Om Shanti Om, Kal Ho Naa Ho",3
53151,38632,"Bombay Talkies, Om Shanti Om, Kal Ho Naa Ho",3
69280,63660,"Dostana, Players, Om Shanti Om",3
63660,6958,"Shootout at Lokhandwala, Ludo, Delhi-6, Om Shanti Om, Kabhi Alvida Naa Kehna",5
63660,62774,"Luck by Chance, Delhi-6, Om Shanti Om",3
63660,67165,"Luck by Chance, Shootout at Lokhandwala, Om Shanti Om",3
63660,45230,"Luck by Chance, Om Shanti Om, Kabhi Alvida Naa Kehna",3
63660,12022,"Dostana, Bluffmaster!, Om Shanti Om",3
6958,55476,"Kabhi Khushi Kabhie Gham, Lakshya, Om Shanti Om, Jodhaa Akbar",4
6958,63666,"Shootout at Lokhandwala, Om Shanti Om, Department",3
6958,61023,"Te3n, Bombay Talkies, Om Shanti Om",3
6958,38632,"Kabhi Khushi Kabhie Gham, Bombay Talkies, Om Shanti Om",3
6958,45230,"Kabhi Khushi Kabhie Gham, Bombay Talkies, Om Shanti Om, Kabhi Alvida Naa Kehna",4
55476,38632,"Kabhi Khushi Kabhie Gham, Luck by Chance, Om Shanti Om",3
63666,67165,"Shootout at Lokhandwala, Sanju, Om Shanti Om",3
29760,61019,"Zero, Bombay Talkies, Om Shanti Om",3
29760,61023,"Kismat Konnection, Bombay Talkies, Om Shanti Om",3
61019,38632,"Zero, Bombay Talkies, Om Shanti Om",3
45227,61023,"Bombay Talkies, No One Killed Jessica, Om Shanti Om",3
45227,38632,"Kabhi Khushi Kabhie Gham, Luck by Chance, Kal Ho Naa Ho, Bombay Talkies, Zero, Om Shanti Om",6
45227,38633,"Kabhi Khushi Kabhie Gham, Kal Ho Naa Ho, Zero, Om Shanti Om, Kabhi Alvida Naa Kehna",5
38632,12022,"Don 2, Bombay Talkies, Don, Om Shanti Om, Billu",5
45230,12022,"Fashion, Om Shanti Om, Bombay Talkies",3
45227,6958,"Kabhi Khushi Kabhie Gham, Bombay Talkies, Paheli, Kabhi Alvida Naa Kehna",4
45230,38632,"Kabhi Khushi Kabhie Gham, Luck by Chance, Bombay Talkies",3
63367,38632,"Paheli, Billu, Kal Ho Naa Ho",3
48004,1339,"Jab We Met, Fida, Udta Punjab, Chup Chup Ke, Bombay Talkies",5
144786,87192,"Inuyasha the Movie 4: Fire on the Mystic Island, Inuyasha the Movie 2: The Castle Beyond the Looking Glass, Inuyasha the Movie: Affections Touching Across Time, Inuyasha the Movie 3: Swords of an Honorable Ruler",4
144786,434,"Inuyasha the Movie 4: Fire on the Mystic Island, Inuyasha the Movie 2: The Castle Beyond the Looking Glass, Inuyasha the Movie: Affections Touching Across Time, Inuyasha the Movie 3: Swords of an Honorable Ruler",4
144786,345,"Inuyasha the Movie 4: Fire on the Mystic Island, Inuyasha the Movie: Affections Touching Across Time, Inuyasha the Movie 3: Swords of an Honorable Ruler",3
144786,58215,"Inuyasha the Movie 4: Fire on the Mystic Island, Inuyasha the Movie: Affections Touching Across Time, One Piece Film: Z",3
144786,45306,"Inuyasha the Movie 4: Fire on the Mystic Island, Inuyasha the Movie: Affections Touching Across Time, Inuyasha the Movie 3: Swords of an Honorable Ruler, One Piece Film: Z",4
87192,345,"Inuyasha the Movie 4: Fire on the Mystic Island, Inuyasha the Movie: Affections Touching Across Time, Inuyasha the Movie 3: Swords of an Honorable Ruler",3
87192,45306,"Inuyasha the Movie 4: Fire on the Mystic Island, Inuyasha the Movie: Affections Touching Across Time, Inuyasha the Movie 3: Swords of an Honorable Ruler",3
434,345,"Inuyasha the Movie 4: Fire on the Mystic Island, Inuyasha the Movie: Affections Touching Across Time, Inuyasha the Movie 3: Swords of an Honorable Ruler",3
434,45306,"Inuyasha the Movie 4: Fire on the Mystic Island, Inuyasha the Movie: Affections Touching Across Time, Inuyasha the Movie 3: Swords of an Honorable Ruler",3
345,45306,"Inuyasha the Movie 4: Fire on the Mystic Island, Inuyasha the Movie: Affections Touching Across Time, Inuyasha the Movie 3: Swords of an Honorable Ruler",3
68928,69034,"Hattrick, Phir Hera Pheri, Welcome",3
14176,48003,"Awara Paagal Deewana, Welcome, OMG: Oh My God!",3
14176,69034,"Chup Chup Ke, Welcome, OMG: Oh My God!, Awara Paagal Deewana",4
14176,64404,"Chup Chup Ke, Welcome, Awara Paagal Deewana",3
5410,61017,"Bombay Talkies, Race, Welcome",3
48003,69034,"Phir Hera Pheri, Awara Paagal Deewana, Welcome, OMG: Oh My God!",4
69034,64404,"Phir Hera Pheri, Chup Chup Ke, Welcome, Awara Paagal Deewana",4
388,88330,"Shaman King, Bleach the Movie: Hell Verse, Bleach the Movie: Fade to Black",3
388,145,"Bleach the Movie: Hell Verse, Dragon Pilot: Hisone and Masotan, Bleach the Movie: Fade to Black",3
135,35983,"Kuroko's Basketball, Kuroko's Basketball the Movie: Last Game, Bleach the Movie: Fade to Black",3
135,339,"Kuroko's Basketball, Kuroko's Basketball the Movie: Last Game, Bleach the Movie: Fade to Black, Pokemon the Movie: Mewtwo Strikes Back - Evolution",4
35983,339,"Kuroko's Basketball, Kuroko's Basketball the Movie: Last Game, Bleach the Movie: Fade to Black",3
88341,339,"Dorohedoro, Kuroko's Basketball the Movie: Last Game, Bleach the Movie: Fade to Black",3
48003,38637,"Boss, Phir Hera Pheri, Awara Paagal Deewana",3
63367,63059,"Judwaa 2, Phir Hera Pheri, Chup Chup Ke, Billu",4
63367,64404,"Phir Hera Pheri, Chup Chup Ke, Paheli",3
69034,63059,"Phir Hera Pheri, Chup Chup Ke, Made in China",3
38637,65629,"Players, Phir Hera Pheri, Race",3
10894,30768,"Wolverine, X-Men, Naruto Shippuden the Movie: The Lost Tower",3
395,30768,"Bleach the Movie: Hell Verse, The Seven Deadly Sins: Prisoners of the Sky, Ajin",3
88323,10894,"Naruto Shippuden the Movie: Bonds, Berserk: The Golden Age Arc I - The Egg of the King, Tiger & Bunny: The Rising",3
88323,100138,"Naruto Shippuden the Movie: Bonds, Hi Score Girl, The Way of the Househusband",3
14176,48004,"Yuva, Chup Chup Ke, Don, Kurbaan, Billu",5
14176,38632,"Don 2, Don, Billu",3
14176,38636,"Kismat Konnection, Don, Don 2, Lakshya",4
14176,12022,"Don 2, Don, Billu",3
48004,61021,"Luck by Chance, Bombay Talkies, Don",3
38632,38636,"Main Hoon Na, Luck by Chance, Don, Don 2",4
38636,12022,"Don 2, Dostana, Don, Bluffmaster!",4
12022,61021,"Don 2, Don, The Sky Is Pink",3
1345,63367,"C Kkompany, Paheli, Chup Chup Ke",3
61025,61017,"Raajneeti, Jagga Jasoos, Ajab Prem Ki Ghazab Kahani",3
45228,61017,"Zero, Bodyguard, Ajab Prem Ki Ghazab Kahani",3
68928,64201,"Raajneeti, Aapla Manus, Apaharan",3
64201,61017,"Raajneeti, Sooryavanshi, Fitoor",3
26023,36967,"Dynasty Warriors, Accident, A Home with a View, Don't Go Breaking My Heart",4
66826,12022,"7 Khoon Maaf, Dostana, Taxi No. 9 2 11",3
48004,64201,"Golmaal Returns, Yuva, Satyagraha",3
45227,63660,"Luck by Chance, Yuva, Kabhi Alvida Naa Kehna",3
66826,63660,"Luck by Chance, Dostana, Kabhi Alvida Naa Kehna",3
4047,64471,"7 Khoon Maaf, Talvar, Life in a Metro",3
4047,67162,"Mumbai Meri Jaan, Haider, Life in a Metro",3
66826,38636,"Dostana, Luck by Chance, Parmanu: The Story of Pokhran, Dhan Dhana Dhan Goal, Force 2",5
45227,29760,"Luck by Chance, Bombay Talkies, Zero",3
63660,38636,"Luck by Chance, Dostana, Game",3
45230,61026,"Luck by Chance, Bombay Talkies, Ghost Stories, Lust Stories",4
45230,61028,"Luck by Chance, Bombay Talkies, Ghost Stories, Lust Stories",4
55476,61021,"Luck by Chance, Lakshya, Zindagi Na Milegi Dobara, Don 2",4
61013,61021,"Luck by Chance, Bombay Talkies, Dil Dhadakne Do",3
61013,61025,"Luck by Chance, Bombay Talkies, PK",3
61013,61028,"Luck by Chance, Bombay Talkies, Dil Dhadakne Do",3
10205,61025,"Luck by Chance, PK, Barfi!",3
61021,61028,"Luck by Chance, Bombay Talkies, Dil Dhadakne Do",3
61025,38636,"Luck by Chance, PK, Sanju",3
61026,61028,"Luck by Chance, Bombay Talkies, Ghost Stories, Lust Stories",4
61026,26948,"Dev.D, Sacred Games, AK vs AK, Raman Raghav 2.0",4
31988,65830,"Trailer Park Boys: Live at the North Pole, The Trailer Park Boys Xmas Special, Trailer Park Boys: Out of the Park: Europe, Trailer Park Boys: The Animated Series, Trailer Park Boys: Out of the Park: USA, Trailer Park Boys - Live in F**kin' Dublin",6
6958,61021,"Bombay Talkies, Lakshya, Wazir",3
141676,141681,"My Amnesia Girl, It Takes a Man and a Woman, A Very Special Love",3
141676,141692,"A Second Chance, My Amnesia Girl, It Takes a Man and a Woman, A Very Special Love",4
141681,141692,"My Amnesia Girl, It Takes a Man and a Woman, A Very Special Love, Three Words to Forever, My Ex & Whys, Hello, Love, Goodbye",6
141681,141689,"It Takes a Man and a Woman, A Very Special Love, Can't Help Falling in Love",3
2255,1852,"Django Unchained, The Hateful Eight, The Hateful Eight: Extended Version",3
1309,6821,"Kung Fu Panda 3, Kung Fu Panda 2, Next Gen",3
7737,4216,"Kung Fu Panda 3, Kung Fu Panda 2, Kung Fu Panda: Secrets of the Scroll",3
452,85352,"Demon Slayer: Kimetsu no Yaiba, Sword Art Online, Record of Ragnarok",3
88323,138,"Dokidoki! PreCure, Berserk: The Golden Age Arc I - The Egg of the King, Levius, Ajin",4
88323,273,"Dokidoki! PreCure, Berserk: The Golden Age Arc I - The Egg of the King, Tiger & Bunny: The Rising",3
138,10894,"Berserk: The Golden Age Arc I - The Egg of the King, Berserk: The Golden Age Arc II - The Battle for Doldrey, Berserk: The Golden Age Arc III - The Advent",3
138,273,"Dokidoki! PreCure, Berserk: The Golden Age Arc I - The Egg of the King, Berserk: The Golden Age Arc II - The Battle for Doldrey, Berserk: The Golden Age Arc III - The Advent",4
138,11283,"Godzilla: Planet of the Monsters, Godzilla: The Planet Eater, Berserk: The Golden Age Arc I - The Egg of the King, Berserk: The Golden Age Arc II - The Battle for Doldrey, Berserk: The Golden Age Arc III - The Advent, Godzilla: City on the Edge of Battle",6
138,58718,"Berserk: The Golden Age Arc I - The Egg of the King, Berserk: The Golden Age Arc II - The Battle for Doldrey, Berserk: The Golden Age Arc III - The Advent",3
10894,273,"Tiger & Bunny: The Rising, Berserk: The Golden Age Arc I - The Egg of the King, Berserk: The Golden Age Arc II - The Battle for Doldrey, Berserk: The Golden Age Arc III - The Advent",4
10894,11283,"Berserk: The Golden Age Arc I - The Egg of the King, Berserk: The Golden Age Arc II - The Battle for Doldrey, Berserk: The Golden Age Arc III - The Advent",3
10894,58718,"Berserk: The Golden Age Arc I - The Egg of the King, Wolverine, Berserk: The Golden Age Arc III - The Advent, Berserk: The Golden Age Arc II - The Battle for Doldrey",4
273,11283,"Berserk: The Golden Age Arc I - The Egg of the King, Berserk: The Golden Age Arc II - The Battle for Doldrey, Berserk: The Golden Age Arc III - The Advent",3
273,58718,"Berserk: The Golden Age Arc I - The Egg of the King, Berserk: The Golden Age Arc II - The Battle for Doldrey, Berserk: The Golden Age Arc III - The Advent",3
11283,58718,"Berserk: The Golden Age Arc I - The Egg of the King, Berserk: The Golden Age Arc II - The Battle for Doldrey, Berserk: The Golden Age Arc III - The Advent",3
132,94292,"Kuroko's Basketball, Kuroko's Basketball the Movie: Last Game, Magi",3
132,135,"Kuroko's Basketball, Kuroko's Basketball the Movie: Last Game, The Disastrous Life of Saiki K.",3
132,94526,"Kuroko's Basketball, Kuroko's Basketball the Movie: Last Game, The Disastrous Life of Saiki K.",3
132,12360,"Kuroko's Basketball, Kuroko's Basketball the Movie: Last Game, Godzilla: The Planet Eater",3
135,94526,"Kuroko's Basketball, Kuroko's Basketball the Movie: Last Game, The Disastrous Life of Saiki K.",3
395,85458,"Kuroko's Basketball, The Seven Deadly Sins, The Seven Deadly Sins: Prisoners of the Sky, The Seven Deadly Sins: Cursed by Light",4
47019,30778,"Kuroko's Basketball, Kuroko's Basketball the Movie: Last Game, Mobile Suit Gundam Hathaway",3
47019,453970,"Kuroko's Basketball, Kuroko's Basketball the Movie: Last Game, BASTARD‼ -Heavy Metal, Dark Fantasy-",3
47019,339,"Kuroko's Basketball, Kuroko's Basketball the Movie: Last Game, A Whisker Away",3
30778,94526,"Kuroko's Basketball, Kuroko's Basketball the Movie: Last Game, Cagaster of an Insect Cage",3
30778,85458,"Kuroko's Basketball, Kuroko's Basketball the Movie: Last Game, Record of Ragnarok",3
94526,12360,"Kuroko's Basketball, Kuroko's Basketball the Movie: Last Game, Ajin",3
94526,339,"Kuroko's Basketball, Dorohedoro, Kuroko's Basketball the Movie: Last Game",3
94526,94292,"Kuroko's Basketball, Dorohedoro, Kuroko's Basketball the Movie: Last Game",3
453970,94292,"Kuroko's Basketball, Kuromukuro, Kuroko's Basketball the Movie: Last Game",3
339,94292,"Kuroko's Basketball, Dorohedoro, Kuroko's Basketball the Movie: Last Game",3
75908,60138,"Tiger & Bunny: The Rising, Tiger & Bunny: The Beginning, TIGER & BUNNY",3
75908,88330,"Tiger & Bunny: The Rising, Tiger & Bunny: The Beginning, TIGER & BUNNY",3
75908,273,"Tiger & Bunny: The Rising, Tiger & Bunny: The Beginning, TIGER & BUNNY",3
75908,99349,"Tiger & Bunny: The Rising, Tiger & Bunny: The Beginning, TIGER & BUNNY",3
75908,315,"Tiger & Bunny: The Rising, Tiger & Bunny: The Beginning, TIGER & BUNNY",3
75908,380,"Tiger & Bunny: The Rising, Tiger & Bunny: The Beginning, TIGER & BUNNY",3
60138,380,"Tiger & Bunny: The Rising, Tiger & Bunny: The Beginning, TIGER & BUNNY",3
88330,273,"Tiger & Bunny: The Rising, Tiger & Bunny: The Beginning, TIGER & BUNNY",3
88330,99349,"Tiger & Bunny: The Rising, Tiger & Bunny: The Beginning, TIGER & BUNNY",3
88330,315,"Tiger & Bunny: The Rising, Tiger & Bunny: The Beginning, TIGER & BUNNY",3
88330,380,"Tiger & Bunny: The Rising, Tiger & Bunny: The Beginning, TIGER & BUNNY",3
273,99349,"Tiger & Bunny: The Rising, Tiger & Bunny: The Beginning, TIGER & BUNNY",3
273,315,"Tiger & Bunny: The Rising, Tiger & Bunny: The Beginning, TIGER & BUNNY",3
273,380,"Tiger & Bunny: The Rising, Tiger & Bunny: The Beginning, Flavors of Youth, TIGER & BUNNY",4
99349,315,"Tiger & Bunny: The Rising, Tiger & Bunny: The Beginning, TIGER & BUNNY",3
99349,380,"Tiger & Bunny: The Rising, Tiger & Bunny: The Beginning, TIGER & BUNNY",3
315,380,"Tiger & Bunny: The Rising, Tiger & Bunny: The Beginning, TIGER & BUNNY",3
75908,30771,"Super Crooks, Tiger & Bunny: The Beginning, NiNoKuni, Bright: Samurai Soul",4
378,380,"Tiger & Bunny: The Rising, The Piano Forest, Tiger & Bunny: The Beginning",3
48004,61022,"Bombay Talkies, Ek Main Aur Ekk Tu, Gori Tere Pyaar Mein",3
61017,61019,"Zero, Bombay Talkies, Bodyguard",3
231084,178110,"Pagpag: Siyam na Buhay, Must Be... Love, The Hows of Us, Barcelona: A Love Untold, Sisterakas, Can't Help Falling in Love, Crazy Beautiful You, She's Dating the Gangster, The House Arrest of Us",9
86694,84497,"Violet Evergarden: Eternity and the Auto Memories Doll, Violet Evergarden, Attack on Titan",3
22310,94526,"Attack on Titan, Mobile Suit Gundam: Iron-Blooded Orphans, Cagaster of an Insect Cage, The Disastrous Life of Saiki K.",4
84497,94526,"Spriggan, Attack on Titan, Dorohedoro, BNA",4
395,396,"The Seven Deadly Sins, The Seven Deadly Sins: Prisoners of the Sky, The Seven Deadly Sins: Cursed by Light, Uncle From Another World",4
395,85459,"The Seven Deadly Sins, The Seven Deadly Sins: Prisoners of the Sky, The Seven Deadly Sins: Cursed by Light",3
395,3736,"The Seven Deadly Sins, The Seven Deadly Sins: Prisoners of the Sky, The Seven Deadly Sins: Cursed by Light",3
396,85458,"The Seven Deadly Sins, The Seven Deadly Sins: Prisoners of the Sky, The Seven Deadly Sins: Cursed by Light",3
396,11283,"The Seven Deadly Sins, Teasing Master Takagi-san, The Seven Deadly Sins: Prisoners of the Sky, The Seven Deadly Sins: Cursed by Light",4
396,85459,"The Seven Deadly Sins, The Seven Deadly Sins: Prisoners of the Sky, The Seven Deadly Sins: Cursed by Light",3
396,3736,"The Seven Deadly Sins, The Seven Deadly Sins: Prisoners of the Sky, The Seven Deadly Sins: Cursed by Light",3
85458,85459,"The Seven Deadly Sins, The Seven Deadly Sins: Prisoners of the Sky, The Seven Deadly Sins: Cursed by Light",3
11283,85459,"The Seven Deadly Sins, The Seven Deadly Sins: Prisoners of the Sky, The Seven Deadly Sins: Cursed by Light",3
11283,3736,"The Seven Deadly Sins, The Seven Deadly Sins: Prisoners of the Sky, The Seven Deadly Sins: Cursed by Light",3
130,11175,"The Irregular at Magic High School, Godzilla: The Planet Eater, Cells at Work!",3
84410,10205,"PK, Yeh Kaali Kaali Ankhein, Ankhon Dekhi",3
22310,208,"Cagaster of an Insect Cage, Nagi-Asu: A Lull in the Sea, The Disastrous Life of Saiki K.",3
11175,208,"Cagaster of an Insect Cage, Last Hope, Nagi-Asu: A Lull in the Sea",3
48101,24532,"Pac’s Scary Halloween, Super Monsters Save Christmas, Super Monsters Back to School, Super Monsters and the Wish Star, Pac-Man and the Ghostly Adventures, Super Monsters Furever Friends",6
48101,34837,"LEGO Elves: Secrets of Elvendale, Pac’s Scary Halloween, Beat Bugs: All Together Now, Pac-Man and the Ghostly Adventures, Beat Bugs",5
48101,34838,"Pac’s Scary Halloween, Super Monsters Save Christmas, Super Monsters Back to School, Super Monsters, Super Monsters and the Wish Star, Pac-Man and the Ghostly Adventures, Super Monsters Furever Friends",7
48101,34966,"Pac’s Scary Halloween, Super Monsters Save Christmas, Super Monsters and the Wish Star, Pac-Man and the Ghostly Adventures, Super Monsters Furever Friends",5
24532,34838,"Pac’s Scary Halloween, Santa Pac's Merry Berry Day, Super Monsters Save Christmas, Super Monsters Back to School, Super Monsters and the Wish Star, Pac-Man and the Ghostly Adventures, Super Monsters Furever Friends",7
24532,34966,"Pac’s Scary Halloween, Santa Pac's Merry Berry Day, Super Monsters Save Christmas, Super Monsters and the Wish Star, Pac-Man and the Ghostly Adventures, Super Monsters Furever Friends",6
34837,1076,"Santa Pac's Merry Berry Day, Pac-Man and the Ghostly Adventures, Pac’s Scary Halloween",3
34838,1076,"Santa Pac's Merry Berry Day, Pac-Man and the Ghostly Adventures, Pac’s Scary Halloween",3
34966,1076,"Ratchet & Clank, Pac-Man and the Ghostly Adventures, Pac’s Scary Halloween",3
26948,61016,"Bombay Talkies, Manto, Sacred Games",3
75908,85543,"One-Punch Man, Tiger & Bunny: The Rising, Last Hope",3
389,85543,"Shaman King, Tiger & Bunny: The Rising, Dragon's Dogma",3
164739,164740,"She's The One, Just the Way You Are, Alone/Together, My Ex & Whys, Everyday I Love You",5
85543,396,"One-Punch Man, The Piano Forest, The Seven Deadly Sins: Cursed by Light",3
21032,15595,"Dolly Parton: Here I Am, Feminists: What Were They Thinking?, The Best of Netflix Is a Joke: The Festival, Jane Fonda & Lily Tomlin: Ladies Night Live, Grace and Frankie",5
45444,45445,"Bāhubali: The Beginning, Bāhubali 2: The Conclusion, Ala Vaikunthapurramuloo",3
66082,6175,"Midnight Mass, Ouija: Origin of Evil, The Haunting of Hill House",3
4618,15380,"Wet Hot American Summer: First Day of Camp, Wine Country, A Very Murray Christmas",3
77727,1112,"Wet Hot American Summer: First Day of Camp, Wet Hot American Summer: Ten Years Later, A Futile and Stupid Gesture",3
77727,17130,"Wet Hot American Summer: First Day of Camp, Wet Hot American Summer: Ten Years Later, A Futile and Stupid Gesture",3
1112,17130,"Fun Mom Dinner, Wet Hot American Summer: First Day of Camp, Wet Hot American Summer: Ten Years Later, A Futile and Stupid Gesture",4
132,274,"Kuroko's Basketball the Movie: Last Game, Levius, The Disastrous Life of Saiki K.",3
135,274,"Children of the Whales, Kuroko's Basketball the Movie: Last Game, The Disastrous Life of Saiki K.",3
130,132,"Gantz:O, Godzilla: The Planet Eater, Levius, Cells at Work!",4
11277,5429,"The Babysitter: Killer Queen, The Babysitter, The DUFF",3
77727,16300,"A Futile and Stupid Gesture, Hello, My Name Is Doris, Girlfriend's Day",3
250880,6821,"The Witcher: Nightmare of the Wolf, LEGO Marvel Super Heroes: Avengers Reassembled!, Batman: The Killing Joke",3
130315,50195,"Get Me Roger Stone, Vice, Reversing Roe, 13th",4
130315,65320,"Get Me Roger Stone, Vice, 13th",3
130315,59976,"Vice, Reversing Roe, 13th",3
130315,34900,"Get Me Roger Stone, Reversing Roe, 13th",3
130315,43107,"Get Me Roger Stone, Reversing Roe, 13th",3
130315,70006,"Get Me Roger Stone, Reversing Roe, Vice, Crack: Cocaine, Corruption & Conspiracy, 13th",5
50195,65320,"Get Me Roger Stone, Vice, 13th",3
50195,59976,"Vice, Reversing Roe, 13th",3
50195,34900,"Get Me Roger Stone, Reversing Roe, 13th",3
50195,43107,"Get Me Roger Stone, Reversing Roe, The Great Hack, 13th",4
50195,70006,"Get Me Roger Stone, Vice, Reversing Roe, 13th",4
65320,43107,"Get Me Roger Stone, Da 5 Bloods, 13th",3
65320,70006,"Get Me Roger Stone, Vice, 13th",3
59976,34900,"The Black Godfather, RBG, Reversing Roe, 13th",4
59976,43107,"RBG, Reversing Roe, 13th",3
59976,70006,"Vice, Reversing Roe, 13th",3
34900,43107,"Get Me Roger Stone, RBG, Reversing Roe, 13th",4
34900,70006,"Get Me Roger Stone, Reversing Roe, 13th",3
43107,70006,"Get Me Roger Stone, Reversing Roe, 13th",3
2823,6105,"Wizards: Tales of Arcadia, Trollhunters: Tales of Arcadia, Trollhunters: Rise of the Titans",3
88323,94526,"The Way of the Househusband, Ajin, BNA",3
138,30771,"Carole & Tuesday, Drifting Dragons, Ajin",3
138,94526,"Cagaster of an Insect Cage, Ajin, Thermae Romae Novae",3
138,115686,"Record of Ragnarok, Drifting Dragons, Ajin",3
5145,5157,"The Ridiculous 6, Hubie Halloween, The Week Of",3
5145,2317,"The Ridiculous 6, Hubie Halloween, The Week Of",3
5145,2327,"The Ridiculous 6, Hubie Halloween, The Week Of",3
5145,120657,"The Ridiculous 6, Hubie Halloween, The Week Of",3
5146,5157,"The Ridiculous 6, Sandy Wexler, The Do-Over",3
5146,2338,"The Ridiculous 6, Father of the Year, The Wrong Missy, The Do-Over, Sandy Wexler",5
5146,18238,"The Ridiculous 6, Sandy Wexler, The Do-Over, The Wrong Missy",4
5146,120657,"The Ridiculous 6, Sandy Wexler, The Do-Over, The Wrong Missy",4
5146,120658,"The Ridiculous 6, Sandy Wexler, The Do-Over",3
5157,2317,"The Ridiculous 6, Hubie Halloween, Sandy Wexler, The Week Of",4
5157,2327,"The Ridiculous 6, Hubie Halloween, Sandy Wexler, The Week Of",4
5157,8472,"The Ridiculous 6, Sandy Wexler, Hubie Halloween",3
5157,2329,"The Ridiculous 6, Hubie Halloween, The Week Of",3
5157,2338,"The Ridiculous 6, Hubie Halloween, Sandy Wexler, The Week Of",4
5157,2350,"The Ridiculous 6, Murder Mystery, The Do-Over, The Week Of, Sandy Wexler, Hubie Halloween",6
5157,18238,"The Ridiculous 6, Sandy Wexler, Murder Mystery, The Do-Over",4
5157,120657,"The Ridiculous 6, The Do-Over, The Week Of, Sandy Wexler, Hubie Halloween",5
5157,120658,"The Ridiculous 6, Sandy Wexler, The Do-Over, Hubie Halloween",4
2317,120657,"The Ridiculous 6, The Do-Over, The Week Of, Sandy Wexler, Hubie Halloween",5
2317,120658,"The Ridiculous 6, Sandy Wexler, The Do-Over, Hubie Halloween",4
2327,120657,"The Ridiculous 6, The Wrong Missy, The Do-Over, The Week Of, Sandy Wexler, Hubie Halloween",6
2327,120658,"The Ridiculous 6, Sandy Wexler, The Do-Over, Hubie Halloween",4
8472,120657,"The Ridiculous 6, Hubie Halloween, Sandy Wexler, The Wrong Missy",4
8472,120658,"The Ridiculous 6, Sandy Wexler, Adam Sandler: 100% Fresh, Hubie Halloween",4
2329,2338,"The Ridiculous 6, Home Team, The Do-Over, The Week Of, Hubie Halloween",5
2329,120657,"The Ridiculous 6, Hubie Halloween, The Do-Over, The Week Of",4
2329,120658,"The Ridiculous 6, The Do-Over, Hubie Halloween",3
2338,2350,"The Ridiculous 6, The Wrong Missy, The Do-Over, The Week Of, Sandy Wexler, Hubie Halloween",6
2338,120657,"The Ridiculous 6, The Wrong Missy, The Do-Over, The Week Of, Sandy Wexler, Hubie Halloween",6
2338,120658,"The Ridiculous 6, Sandy Wexler, The Do-Over, Hubie Halloween",4
2350,18238,"The Ridiculous 6, The Wrong Missy, Murder Mystery, The Do-Over, Sandy Wexler",5
2350,120657,"The Ridiculous 6, The Wrong Missy, The Do-Over, The Week Of, Sandy Wexler, Hubie Halloween",6
2350,120658,"The Ridiculous 6, Sandy Wexler, The Do-Over, Hubie Halloween",4
18238,120657,"The Ridiculous 6, Sandy Wexler, The Do-Over, The Wrong Missy",4
18238,120658,"The Ridiculous 6, Sandy Wexler, The Do-Over",3
120657,120658,"The Ridiculous 6, Sandy Wexler, The Do-Over, Hubie Halloween",4
24221,2350,"Sandy Wexler, The Do-Over, Hubie Halloween",3
24221,120657,"Sandy Wexler, The Do-Over, Hubie Halloween",3
24221,120658,"Sandy Wexler, The Do-Over, Hubie Halloween",3
24531,24532,"Super Monsters Save Christmas, Super Monsters Back to School, Super Monsters and the Wish Star, Super Monsters Furever Friends, Ratchet & Clank",5
5271,10874,"LEGO Elves: Secrets of Elvendale, Super Monsters: Dia de los Monsters, Super Monsters Save Christmas, Super Monsters and the Wish Star, The Deep, Super Monsters Furever Friends",6
24531,10874,"Kong: King of the Apes, Super Monsters: Dia de los Monsters, Super Monsters Save Christmas, Super Monsters and the Wish Star, Super Monsters Furever Friends",5
48101,24443,"Beat Bugs: All Together Now, LEGO Elves: Secrets of Elvendale, Beat Bugs",3
34837,24443,"Beat Bugs: All Together Now, LEGO Elves: Secrets of Elvendale, Beat Bugs",3
4618,21715,"Klaus, Between Two Ferns: The Movie, A Very Murray Christmas",3
8531,51574,"Kevin Hart: Zero F**ks Given, Kevin Hart: Irresponsible, Kevin Hart: What Now?",3
58204,937,"Shaun the Sheep: The Flight Before Christmas, A Shaun the Sheep Movie: Farmageddon, Shaun the Sheep: The Farmer's Llamas",3
73234,73235,"HiGH&LOW The Movie 2: End of Sky, High & Low The Movie, HiGH&LOW: The Red Rain",3
73234,206905,"HiGH&LOW The Movie 2: End of Sky, High & Low The Movie, HiGH&LOW: The Red Rain",3
73234,461398,"HiGH&LOW The Movie 2: End of Sky, High & Low The Movie, HiGH&LOW: The Red Rain",3
73234,167262,"HiGH&LOW The Movie 2: End of Sky, High & Low The Movie, HiGH&LOW: The Red Rain",3
73235,156835,"Road To High & Low, HiGH&LOW The Movie 3: Final Mission, HiGH&LOW The Movie 2: End of Sky, High & Low The Movie",4
73235,127658,"Road To High & Low, HiGH&LOW The Movie 3: Final Mission, HiGH&LOW The Movie 2: End of Sky, High & Low The Movie",4
73235,206905,"HiGH&LOW The Movie 2: End of Sky, Road To High & Low, HiGH&LOW The Movie 3: Final Mission, High & Low The Movie, HiGH&LOW: The Red Rain",5
73235,96963,"Road To High & Low, HiGH&LOW The Movie 3: Final Mission, HiGH&LOW The Movie 2: End of Sky, High & Low The Movie",4
73235,845008,"Road To High & Low, HiGH&LOW The Movie 2: End of Sky, High & Low The Movie",3
73235,461398,"HiGH&LOW The Movie 2: End of Sky, Road To High & Low, HiGH&LOW The Movie 3: Final Mission, High & Low The Movie, HiGH&LOW: The Red Rain",5
73235,167262,"HiGH&LOW The Movie 2: End of Sky, Road To High & Low, HiGH&LOW The Movie 3: Final Mission, High & Low The Movie, HiGH&LOW: The Red Rain",5
73235,603750,"Road To High & Low, HiGH&LOW The Movie 3: Final Mission, HiGH&LOW The Movie 2: End of Sky, High & Low The Movie",4
73235,749431,"HiGH&LOW The Movie 3: Final Mission, HiGH&LOW The Movie 2: End of Sky, High & Low The Movie",3
156835,127658,"Road To High & Low, HiGH&LOW The Movie 3: Final Mission, HiGH&LOW The Movie 2: End of Sky, High & Low The Movie",4
156835,206905,"Road To High & Low, HiGH&LOW The Movie 3: Final Mission, High & Low The Movie",3
156835,96963,"Road To High & Low, HiGH&LOW The Movie 3: Final Mission, HiGH&LOW The Movie 2: End of Sky, High & Low The Movie",4
156835,845008,"Road To High & Low, High & Low: The Worst, HiGH&LOW The Movie 2: End of Sky, High & Low The Movie",4
156835,461398,"Road To High & Low, HiGH&LOW The Movie 3: Final Mission, High & Low: The Worst, High & Low The Movie",4
156835,167262,"Road To High & Low, HiGH&LOW The Movie 3: Final Mission, HiGH&LOW The Movie 2: End of Sky, High & Low The Movie",4
156835,603750,"Road To High & Low, HiGH&LOW The Movie 3: Final Mission, High & Low: The Worst, High & Low The Movie",4
156835,749431,"HiGH&LOW The Movie 3: Final Mission, HiGH&LOW The Movie 2: End of Sky, High & Low The Movie",3
127658,206905,"Road To High & Low, HiGH&LOW The Movie 3: Final Mission, High & Low The Movie, Alice in Borderland",4
127658,96963,"Road To High & Low, HiGH&LOW The Movie 3: Final Mission, HiGH&LOW The Movie 2: End of Sky, High & Low The Movie",4
127658,845008,"Road To High & Low, HiGH&LOW The Movie 2: End of Sky, High & Low The Movie",3
127658,461398,"Road To High & Low, HiGH&LOW The Movie 3: Final Mission, High & Low The Movie",3
127658,167262,"Road To High & Low, HiGH&LOW The Movie 3: Final Mission, HiGH&LOW The Movie 2: End of Sky, High & Low The Movie",4
127658,603750,"Road To High & Low, HiGH&LOW The Movie 3: Final Mission, High & Low The Movie",3
127658,749431,"HiGH&LOW The Movie 3: Final Mission, HiGH&LOW The Movie 2: End of Sky, High & Low The Movie, Alice in Borderland",4
206905,96963,"Road To High & Low, HiGH&LOW The Movie 3: Final Mission, HiGH&LOW The Movie 2: End of Sky, High & Low The Movie",4
206905,845008,"Road To High & Low, HiGH&LOW The Movie 2: End of Sky, High & Low The Movie",3
206905,461398,"Road To High & Low, HiGH&LOW The Movie 3: Final Mission, HiGH&LOW The Movie 2: End of Sky, High & Low The Movie",4
206905,167262,"HiGH&LOW The Movie 2: End of Sky, Road To High & Low, HiGH&LOW The Movie 3: Final Mission, High & Low The Movie, HiGH&LOW: The Red Rain",5
206905,603750,"Road To High & Low, HiGH&LOW The Movie 3: Final Mission, HiGH&LOW The Movie 2: End of Sky, High & Low The Movie",4
206905,749431,"HiGH&LOW The Movie 3: Final Mission, HiGH&LOW The Movie 2: End of Sky, High & Low The Movie, Alice in Borderland",4
96963,845008,"Road To High & Low, HiGH&LOW The Movie 2: End of Sky, High & Low The Movie",3
96963,461398,"Road To High & Low, HiGH&LOW The Movie 3: Final Mission, High & Low The Movie",3
96963,167262,"Road To High & Low, HiGH&LOW The Movie 3: Final Mission, HiGH&LOW The Movie 2: End of Sky, High & Low The Movie",4
96963,603750,"Road To High & Low, HiGH&LOW The Movie 3: Final Mission, Rurouni Kenshin: The Beginning, High & Low The Movie",4
96963,749431,"HiGH&LOW The Movie 3: Final Mission, HiGH&LOW The Movie 2: End of Sky, High & Low The Movie",3
845008,461398,"Road To High & Low, High & Low: The Worst, High & Low The Movie, DTC –Yukemuri Junjo Hen– from HiGH&LOW",4
845008,167262,"Road To High & Low, HiGH&LOW The Movie 2: End of Sky, High & Low The Movie, DTC –Yukemuri Junjo Hen– from HiGH&LOW",4
845008,603750,"Road To High & Low, High & Low: The Worst, High & Low The Movie",3
461398,167262,"HiGH&LOW The Movie 2: End of Sky, Road To High & Low, HiGH&LOW The Movie 3: Final Mission, High & Low The Movie, DTC –Yukemuri Junjo Hen– from HiGH&LOW, HiGH&LOW: The Red Rain",6
461398,603750,"High & Low: The Worst, HiGH&LOW The Movie 2: End of Sky, Road To High & Low, HiGH&LOW The Movie 3: Final Mission, High & Low The Movie",5
461398,749431,"HiGH&LOW The Movie 3: Final Mission, HiGH&LOW The Movie 2: End of Sky, High & Low The Movie",3
167262,603750,"Road To High & Low, HiGH&LOW The Movie 3: Final Mission, High & Low The Movie",3
167262,749431,"HiGH&LOW The Movie 3: Final Mission, HiGH&LOW The Movie 2: End of Sky, High & Low The Movie",3
603750,749431,"HiGH&LOW The Movie 3: Final Mission, HiGH&LOW The Movie 2: End of Sky, High & Low The Movie",3
34966,10874,"Super Monsters Save Christmas, Super Monsters and the Wish Star, Super Monsters Furever Friends, Open Season: Scared Silly",4
211560,590250,"Ricardo O'Farrill: abrazo navideño, Sofía Niño de Rivera: Natural Selection, Coco y Raulito: Carrusel de ternura, Natalia Valdebenito: El especial, Sebastián Marcelo Wainraich, Todo lo que sería Lucas Lauriente, Carlos Ballarta: el amor es de putos, Alejandro Riaño: Especial de stand up, Mau Nieto: viviendo sobrio… desde el bar, Alexis de Anda: Mea Culpa, Simplemente Manu NNa, Carlos Ballarta: furia ñera, Sofía Niño de Rivera: Exposed, Malena Pichot: Estupidez compleja, Daniel Sosa: Sosafado, Jani Dueñas: Grandes fracasos de ayer y hoy, Ricardo O'Farrill: Abrazo Genial",17
4049,249974,"Umrika, Aiyaary, Delhi Crime",3
66688,836709,"Money Heist: The Phenomenon, Money Heist: From Tokyo to Berlin, Money Heist",3
66688,91722,"Money Heist: The Phenomenon, Money Heist: From Tokyo to Berlin, Money Heist",3
66688,183630,"Money Heist: The Phenomenon, Money Heist: From Tokyo to Berlin, Money Heist",3
836709,91722,"Money Heist: The Phenomenon, Money Heist: From Tokyo to Berlin, Money Heist",3
836709,183630,"Money Heist: The Phenomenon, Money Heist: From Tokyo to Berlin, Money Heist",3
91722,183630,"Money Heist: The Phenomenon, Money Heist: From Tokyo to Berlin, Money Heist",3
1112,5735,"Between Two Ferns: The Movie, Fun Mom Dinner, Wet Hot American Summer: Ten Years Later",3
3457,36136,"The Crystal Calls - Making The Dark Crystal: Age of Resistance, The Cloverfield Paradox, The Dark Crystal: Age of Resistance",3
11691,15921,"Big Mouth, Michael Bolton's Big, Sexy Valentine's Day Special, Sarah Cooper: Everything's Fine, The Mitchells vs. the Machines",4
75908,348,"Ghost in the Shell: SAC_2045, BAKI, Ghost in the Shell: SAC_2045 Sustainable War",3
11277,58,"When We First Met, The Babysitter, The Babysitter: Killer Queen",3
84497,11288,"Violet Evergarden: Eternity and the Auto Memories Doll, Uncle From Another World, Violet Evergarden, Violet Evergarden: The Movie",4
35982,4572,"Ghost in the Shell: SAC_2045, Devilman Crybaby, Ghost in the Shell: SAC_2045 Sustainable War",3
716449,85471,"To All the Boys: P.S. I Still Love You, To All the Boys: Always and Forever, To All the Boys I've Loved Before",3
130,138,"Godzilla: The Planet Eater, Levius, Cells at Work!",3
132,138,"Godzilla: The Planet Eater, Levius, Cells at Work!",3
11175,138,"Godzilla: Planet of the Monsters, Cells at Work!, Cagaster of an Insect Cage, Blame!, Godzilla: The Planet Eater, Godzilla: City on the Edge of Battle",6
45445,131864,"F3: Fun and Frustration, Godse, Bāhubali 2: The Conclusion",3
74385,591895,"Adú, Mirage, The Legacy of the Bones",3
591895,73057,"Mirage, Offering to the Storm, The Legacy of the Bones",3
5157,842844,"Hubie Halloween, Murder Mystery, Sandy Wexler, The Week Of",4
842844,2317,"Hubie Halloween, Sandy Wexler, Hustle, The Week Of",4
842844,2327,"Hubie Halloween, Sandy Wexler, The Week Of",3
842844,2329,"Hubie Halloween, Hustle, The Week Of",3
842844,2338,"Hubie Halloween, Sandy Wexler, The Week Of",3
842844,2350,"Hubie Halloween, Sandy Wexler, The Week Of",3
842844,120657,"Hubie Halloween, Sandy Wexler, The Week Of",3
19329,3276,"The Debt Collector, Debt Collectors, Avengement",3
211173,200339,"The House of Flowers, The House of Flowers Presents: The Funeral, The House of Flowers: The Movie",3
211173,18104,"The House of Flowers, The House of Flowers Presents: The Funeral, The House of Flowers: The Movie",3
211173,8798,"The House of Flowers, The House of Flowers Presents: The Funeral, The House of Flowers: The Movie",3
200339,18104,"The House of Flowers, The House of Flowers Presents: The Funeral, The House of Flowers: The Movie",3
200339,8798,"The House of Flowers, The House of Flowers Presents: The Funeral, The House of Flowers: The Movie",3
18104,8798,"The House of Flowers, The House of Flowers Presents: The Funeral, The House of Flowers: The Movie",3
85702,11175,"Godzilla: Planet of the Monsters, Godzilla: The Planet Eater, Blame!, Godzilla: City on the Edge of Battle",4
85702,138,"Godzilla: Planet of the Monsters, Levius, Blame!, Carole & Tuesday, Godzilla: The Planet Eater, Godzilla: City on the Edge of Battle",6
138,274,"revisions, Levius, Blame!",3
85702,11283,"Godzilla: Planet of the Monsters, Godzilla: The Planet Eater, NiNoKuni, Godzilla: City on the Edge of Battle",4
85702,249,"Godzilla: Planet of the Monsters, Godzilla: The Planet Eater, Godzilla: City on the Edge of Battle",3
85702,30778,"Godzilla: Planet of the Monsters, Levius, Godzilla: City on the Edge of Battle",3
11175,11283,"Godzilla: Planet of the Monsters, Godzilla: The Planet Eater, Godzilla: City on the Edge of Battle",3
11175,249,"Godzilla: Planet of the Monsters, Godzilla: The Planet Eater, Cagaster of an Insect Cage, Godzilla: City on the Edge of Battle",4
11175,30778,"Godzilla: Planet of the Monsters, Drifting Dragons, Cagaster of an Insect Cage, Godzilla: City on the Edge of Battle",4
138,249,"Godzilla: Planet of the Monsters, Godzilla: The Planet Eater, Cagaster of an Insect Cage, Godzilla: City on the Edge of Battle",4
138,30778,"Godzilla: Planet of the Monsters, Cagaster of an Insect Cage, Drifting Dragons, Levius, Record of Ragnarok, Godzilla: City on the Edge of Battle",6
11283,249,"Godzilla: Planet of the Monsters, The Seven Deadly Sins: Prisoners of the Sky, The Seven Deadly Sins: Cursed by Light, Godzilla: The Planet Eater, Godzilla: City on the Edge of Battle",5
249,30778,"Godzilla: Planet of the Monsters, Cagaster of an Insect Cage, Godzilla: City on the Edge of Battle",3
5146,2345,"Sandy Wexler, Father of the Year, The Wrong Missy",3
5157,2345,"Murder Mystery, Sandy Wexler, Hubie Halloween",3
2322,2338,"Sandy Wexler, Home Team, Hubie Halloween",3
2345,2350,"Hubie Halloween, Murder Mystery, Sandy Wexler, The Wrong Missy",4
2345,120657,"Hubie Halloween, Sandy Wexler, The Wrong Missy",3
65317,65320,"Get Me Roger Stone, Bobby Kennedy for President, Apollo 10½:  A Space Age Childhood",3
1032107,14143,"The Christmas Chronicles: Part Two, The Christmas Chronicles, The Witcher: Nightmare of the Wolf",3
22310,30771,"Fate/Apocrypha, The Piano Forest, Words Bubble Up Like Soda Pop",3
22310,30778,"Fate/Apocrypha, The Piano Forest, Back Street Girls -GOKUDOLS-, Cagaster of an Insect Cage",4
88341,30778,"Fate/Apocrypha, Super Crooks, Kuroko's Basketball the Movie: Last Game",3
65315,65317,"The Irishman, Bobby Kennedy for President, The Mystery of Marilyn Monroe: The Unheard Tapes",3
311536,698335,"True: Winter Wishes, True: Tricky Treat Day, True: Friendship Day, True: Wuzzle Wegg Day, True and the Rainbow Kingdom, True: Terrific Tales",6
396,30771,"The Seven Deadly Sins: Prisoners of the Sky, The Piano Forest, The Seven Deadly Sins: Cursed by Light",3
3590,395,"7SEEDS, The Seven Deadly Sins: Prisoners of the Sky, High-Rise Invasion",3
396,11288,"The Seven Deadly Sins: Prisoners of the Sky, Violet Evergarden: Eternity and the Auto Memories Doll, Uncle From Another World",3
396,249,"The Seven Deadly Sins: Prisoners of the Sky, The Seven Deadly Sins: Cursed by Light, Cagaster of an Insect Cage",3
2142,20327,"A Christmas Prince, A Christmas Prince: The Royal Wedding, A Christmas Prince: The Royal Baby",3
555448,164561,"The Invisible Guardian, Offering to the Storm, The Legacy of the Bones",3
555448,73057,"The Invisible Guardian, Offering to the Storm, The Legacy of the Bones",3
555448,114791,"The Invisible Guardian, Offering to the Storm, The Legacy of the Bones",3
164561,73057,"The Invisible Guardian, Offering to the Storm, The Legacy of the Bones",3
164561,114791,"The Invisible Guardian, Offering to the Storm, The Legacy of the Bones",3
73057,114791,"The Invisible Guardian, Offering to the Storm, The Legacy of the Bones",3
330,4572,"A.I.C.O. -Incarnation-, Ghost in the Shell: SAC_2045, Ghost in the Shell: SAC_2045 Sustainable War",3
604037,32017,"The Fortress, The Bros, The Drug King",3
88341,94526,"Dorohedoro, Kuroko's Basketball the Movie: Last Game, Spriggan",3
258024,65499,"Badhaai Do, Bareilly Ki Barfi, Ek Ladki Ko Dekha Toh Aisa Laga",3
555448,82138,"The Tree of Blood, Offering to the Storm, The Legacy of the Bones",3
48101,5271,"LEGO Elves: Secrets of Elvendale, Super Monsters Save Christmas, Super Monsters Back to School, Super Monsters, Super Monsters and the Wish Star, Super Monsters: The New Class, Super Monsters Furever Friends",7
48101,10874,"Super Monsters Save Christmas, Super Monsters and the Wish Star, Super Monsters Furever Friends, LEGO Elves: Secrets of Elvendale",4
48101,435,"Super Monsters Save Christmas, Super Monsters Back to School, Super Monsters, Super Monsters and the Wish Star, Super Monsters Furever Friends",5
48101,24531,"Super Monsters Save Christmas, Super Monsters Back to School, Super Monsters, Super Monsters and the Wish Star, Super Monsters Furever Friends",5
435,34838,"Super Monsters Save Christmas, Super Monsters Back to School, Super Monsters, Super Monsters and the Wish Star, Super Monsters Furever Friends",5
435,5271,"Super Monsters Save Christmas, Super Monsters Back to School, Super Monsters, Super Monsters and the Wish Star, Super Monsters Furever Friends",5
24531,34838,"Super Monsters: Dia de los Monsters, Super Monsters Save Christmas, Super Monsters Back to School, Super Monsters, Super Monsters and the Wish Star, Super Monsters Furever Friends",6
24531,5271,"Super Monsters: Dia de los Monsters, Super Monsters Save Christmas, Super Monsters Back to School, Super Monsters, Super Monsters and the Wish Star, Super Monsters Furever Friends",6
34838,5271,"Super Monsters: Dia de los Monsters, Super Monsters Save Christmas, Super Monsters Back to School, Super Monsters, Super Monsters and the Wish Star, Super Monsters Furever Friends",6
866216,1531470,"Chief Daddy 2: Going for Broke, Chief Daddy, 2 Weeks in Lagos",3
618764,269015,"Fine Wine, God Calling, Chief Daddy",3
65217,48101,"Super Monsters Save Christmas, Super Monsters and the Wish Star, Super Monsters Furever Friends, Super Monsters Back to School",4
65217,24531,"Super Monsters: Dia de los Monsters, Super Monsters Save Christmas, Super Monsters Back to School, Super Monsters and the Wish Star, Super Monsters Furever Friends",5
65217,24532,"Super Monsters Save Christmas, Super Monsters and the Wish Star, Super Monsters Furever Friends, Super Monsters Back to School",4
65217,435,"Super Monsters Save Christmas, Super Monsters and the Wish Star, Super Monsters Furever Friends, Super Monsters Back to School",4
65217,34838,"Super Monsters: Dia de los Monsters, Super Monsters Save Christmas, Super Monsters Back to School, Super Monsters and the Wish Star, Super Monsters Furever Friends",5
65217,5271,"Super Monsters: Dia de los Monsters, StarBeam: Beaming in the New Year, Super Monsters Save Christmas, Super Monsters Back to School, Super Monsters and the Wish Star, Super Monsters Furever Friends",6
65217,34966,"Super Monsters Save Christmas, Super Monsters and the Wish Star, Super Monsters Furever Friends",3
65217,10874,"Super Monsters Save Christmas, Super Monsters and the Wish Star, Super Monsters Furever Friends, Super Monsters: Dia de los Monsters",4
24531,435,"Super Monsters Save Christmas, Super Monsters and the Wish Star, Super Monsters Furever Friends, Super Monsters Back to School",4
24531,34966,"Super Monsters Save Christmas, Super Monsters and the Wish Star, Super Monsters Furever Friends",3
24532,435,"Super Monsters Save Christmas, Super Monsters and the Wish Star, Super Monsters Furever Friends, Super Monsters Back to School",4
24532,5271,"Super Monsters Save Christmas, Super Monsters and the Wish Star, Super Monsters Furever Friends, Super Monsters Back to School",4
435,34966,"Super Monsters Save Christmas, Super Monsters and the Wish Star, Super Monsters Furever Friends",3
435,10874,"Super Monsters Save Christmas, Super Monsters and the Wish Star, Super Monsters Furever Friends",3
34838,10874,"Super Monsters Save Christmas, Super Monsters and the Wish Star, Super Monsters Furever Friends, Super Monsters: Dia de los Monsters",4
5271,34966,"Super Monsters Save Christmas, Super Monsters and the Wish Star, Super Monsters Furever Friends",3
141692,178110,"Three Words to Forever, Hello, Love, Goodbye, The Hows of Us",3
75908,22311,"Ghost in the Shell: SAC_2045, NiNoKuni, Ghost in the Shell: SAC_2045 Sustainable War",3
75908,4572,"Ghost in the Shell: SAC_2045, The Way of the Househusband, Ghost in the Shell: SAC_2045 Sustainable War",3
28166,348,"Ghost in the Shell: SAC_2045, Carole & Tuesday, Ghost in the Shell: SAC_2045 Sustainable War",3
22311,330,"Ghost in the Shell: SAC_2045, Baki Hanma, Ghost in the Shell: SAC_2045 Sustainable War",3
22311,35982,"Ghost in the Shell: SAC_2045, Baki Hanma, Ghost in the Shell: SAC_2045 Sustainable War",3
22311,348,"Ghost in the Shell: SAC_2045, Baki Hanma, Ghost in the Shell: SAC_2045 Sustainable War",3
330,35982,"Ghost in the Shell: SAC_2045, Baki Hanma, Ghost in the Shell: SAC_2045 Sustainable War",3
330,348,"Ghost in the Shell: SAC_2045, Baki Hanma, Ghost in the Shell: SAC_2045 Sustainable War",3
35982,348,"Ghost in the Shell: SAC_2045, Baki Hanma, Ghost in the Shell: SAC_2045 Sustainable War",3
22311,339,"Pokémon the Movie: Secrets of the Jungle, A Whisker Away, Pokemon the Movie: Mewtwo Strikes Back - Evolution",3
9737,21647,"Snoop Dogg's F*cn Around Comedy Special, How High 2, The Best of Netflix Is a Joke: The Festival",3
64205,130935,"Saaho, F3: Fun and Frustration, Most Eligible Bachelor, Ala Vaikunthapurramuloo",4
64205,182880,"Radhe Shyam, F3: Fun and Frustration, Most Eligible Bachelor, Ala Vaikunthapurramuloo",4
182880,130935,"F3: Fun and Frustration, Most Eligible Bachelor, Ala Vaikunthapurramuloo",3
591895,555448,"Intimacy, Offering to the Storm, The Legacy of the Bones",3
591895,82138,"Adú, Offering to the Storm, The Legacy of the Bones",3
61024,5410,"AK vs AK, Ek Ladki Ko Dekha Toh Aisa Laga, The Zoya Factor",3
311536,279828,"True: Terrific Tales, True: Winter Wishes, True: Friendship Day, True: Wuzzle Wegg Day",4
279828,698335,"True: Winter Wishes, True: Happy Hearts Day, True: Friendship Day, True: Wuzzle Wegg Day, True: Terrific Tales",5
21032,8660,"Jane Fonda & Lily Tomlin: Ladies Night Live, The Best of Netflix Is a Joke: The Festival, Stand Out: An LGBTQ+ Celebration, Still Laugh-In: The Stars Celebrate",4
881409,5146,"Ginny & Georgia - The Afterparty, The Circle: The Afterparty, The Netflix Afterparty: The Best Shows of The Worst Year, Fate: The Winx Saga - The Afterparty, Shadow and Bone - The Afterparty, The Upshaws - The Afterparty",6
881409,271347,"Ginny & Georgia - The Afterparty, The Circle: The Afterparty, The Netflix Afterparty: The Best Shows of The Worst Year, Fate: The Winx Saga - The Afterparty, Shadow and Bone - The Afterparty, The Upshaws - The Afterparty",6
5146,271347,"The Circle: The Afterparty, The Netflix Afterparty: The Best Shows of The Worst Year, The Upshaws - The Afterparty",3
65217,1094300,"Super Monsters Save Christmas, Super Monsters Furever Friends, Super Monsters Back to School, Super Monsters: Dia de los Monsters",4
48101,1094300,"Super Monsters Save Christmas, Super Monsters Furever Friends, Super Monsters Back to School",3
24531,1094300,"Super Monsters Save Christmas, Super Monsters Furever Friends, Super Monsters Back to School, Super Monsters: Dia de los Monsters",4
24532,1094300,"Super Monsters Save Christmas, Super Monsters Furever Friends, Super Monsters Back to School",3
435,1094300,"Super Monsters Save Christmas, Super Monsters Furever Friends, Super Monsters Back to School",3
34838,1094300,"Super Monsters Save Christmas, Super Monsters Furever Friends, Super Monsters Back to School, Super Monsters: Dia de los Monsters",4
5271,1094300,"Super Monsters Save Christmas, Super Monsters Furever Friends, Super Monsters Back to School, Super Monsters: Dia de los Monsters",4
10874,1094300,"Super Monsters Save Christmas, Super Monsters Furever Friends, Super Monsters: Dia de los Monsters",3
9088,92839,"Fear Street: Part Two - 1978, Fear Street: 1666, Fear Street: Part One - 1994",3
9088,14416,"Fear Street: Part Two - 1978, Fear Street: 1666, Fear Street: Part One - 1994",3
92839,14416,"Fear Street: Part Two - 1978, Fear Street: 1666, Fear Street: Part One - 1994",3
18723,14143,"The Witcher: Nightmare of the Wolf, Sharkdog, Sharkdog’s Fintastic Halloween",3
271347,5146,"Shadow and Bone - The Afterparty, Ginny & Georgia - The Afterparty, Fate: The Winx Saga - The Afterparty",3
