id,name,role
1094300,Elyse Maloway,ACTOR
55476,Hrithik Roshan,ACTOR
175655,Nicole Anthony,ACTOR
948102,Kirsten Day,ACTOR
21032,Lily Tomlin,ACTOR
2346,Nick Swardson,ACTOR
2322,Kevin James,ACTOR
127658,Sho Aoyagi,ACTOR
36375,Kenta Miyake,ACTOR
434,Satsuki Yukino,ACTOR
375280,Steven Bognar,DIRECTOR
66203,Sarah Dunsworth,ACTOR
81549,Trip Taylor,ACTOR
2327,Jackie Sandler,ACTOR
65831,John Paul Tremblay,DIRECTOR
63660,Abhishek Bachchan,ACTOR
7997,Kevin Michael Richardson,ACTOR
1112,Paul Rudd,ACTOR
375281,Julia Reichert,ACTOR
65830,Mike Smith,DIRECTOR
36967,Louis Koo,ACTOR
160440,Justin G. Dyck,DIRECTOR
164739,Enrique Gil,ACTOR
67759,Clay Glen,DIRECTOR
91044,Ben Lamb,ACTOR
61026,Anurag Kashyap,ACTOR
38636,Boman Irani,ACTOR
749431,Shuntaro Yanagi,ACTOR
829755,Vanesha Prescilla,ACTOR
2336,Tim Herlihy,ACTOR
64203,Prakash Raj,ACTOR
31590,Jack Polick,ACTOR
435,Britt McKillip,ACTOR
45306,Cho,ACTOR
24221,Steven Brill,ACTOR
58214,Akemi Okamura,ACTOR
1302215,Alex Woo,ACTOR
84497,Takehito Koyasu,ACTOR
182880,Pooja Hegde,ACTOR
15595,Jane Fonda,ACTOR
10874,Kathleen Barr,ACTOR
318216,Lisa Fuson,ACTOR
38639,Mukesh Tiwari,ACTOR
15174,Martin Palmer,ACTOR
2345,Allen Covert,ACTOR
290367,Ramone Hamilton,ACTOR
60138,Hiroaki Hirata,ACTOR
28920,Rose McIver,ACTOR
175068,Yuya Endo,ACTOR
178110,Kathryn Bernardo,ACTOR
8484,Preston Lacy,ACTOR
120657,Chris Titone,ACTOR
3748,Robert De Niro,ACTOR
8485,Jason Acuña,ACTOR
2350,Sadie Sandler,ACTOR
164561,Pedro Casablanc,ACTOR
61021,Farhan Akhtar,ACTOR
58215,Kappei Yamaguchi,ACTOR
30778,Junichi Suwabe,ACTOR
4096,Spike Jonze,ACTOR
35983,Fumiko Orikasa,ACTOR
11475,Terry Jones,ACTOR
11478,Carol Cleveland,ACTOR
87192,Houko Kuwashima,ACTOR
65320,Richard Nixon,ACTOR
45230,Karan Johar,DIRECTOR
62913,Lo Meng,ACTOR
61013,Aamir Khan,ACTOR
72848,YOU,ACTOR
1549,John Cleese,ACTOR
22308,Mayumi Tanaka,ACTOR
276233,Tatsuya Nakamura,ACTOR
459670,Rick Kosick,ACTOR
58718,Kazuki Yao,ACTOR
1120894,Luccas Neto,ACTOR
461398,Kanta Sato,ACTOR
15921,Fred Armisen,ACTOR
388,Romi Park,ACTOR
49853,Cassidy Naber,ACTOR
8486,Ehren McGhehey,ACTOR
3603,Cassandra Lee Morris,ACTOR
3308,Martin Scorsese,ACTOR
59976,Barack Obama,ACTOR
281652,Hiroomi Tosaka,ACTOR
167262,Nobuyuki Suzuki,ACTOR
590250,Jan Suter,DIRECTOR
24531,Alessandro Juliani,ACTOR
8479,Johnny Knoxville,ACTOR
141676,John Lloyd Cruz,ACTOR
595040,Nat Faxon,ACTOR
65268,Manobala,ACTOR
139623,Joe Biden,ACTOR
17130,David Wain,ACTOR
73235,Takanori Iwata,ACTOR
4465,Wilson Yip,DIRECTOR
30774,Showtaro Morikubo,ACTOR
173191,Youssef Chahine,ACTOR
85702,Mamoru Miyano,ACTOR
11474,Eric Idle,ACTOR
29760,Juhi Chawla,ACTOR
48101,Erin Mathews,ACTOR
120658,Dan Bulla,ACTOR
206905,Keita Machida,ACTOR
57418,Junko Takeuchi,ACTOR
845008,Taiki Sato,ACTOR
8492,Jeff Tremaine,ACTOR
66687,Itziar Aizpuru,ACTOR
34838,Andrea Libman,ACTOR
43107,Donald Trump,ACTOR
62784,Sharat Saxena,ACTOR
654537,Shigeaki Kubo,DIRECTOR
247973,Ryota Yamasato,ACTOR
396,Aoi Yuki,ACTOR
14176,Om Puri,ACTOR
2000726,Salih Avcioglu,ACTOR
249,Tomokazu Sugita,ACTOR
11288,Haruka Tomatsu,ACTOR
12360,Kenichi Suzumura,ACTOR
94677,Koji Tsujitani,ACTOR
5145,Steve Buscemi,ACTOR
1265020,Greg Chun,ACTOR
53150,Deepika Padukone,ACTOR
231084,Daniel Padilla,ACTOR
48004,Kareena Kapoor Khan,ACTOR
1339,Shahid Kapoor,ACTOR
11283,Yuki Kaji,ACTOR
5143,Andy Samberg,ACTOR
953870,Joseph Cannata,ACTOR
11473,Terry Gilliam,ACTOR
6663,Donnie Yen,ACTOR
50195,Hillary Clinton,ACTOR
6122,J. Nathan Simmons,ACTOR
18238,Jonathan Loughran,ACTOR
1532066,Blair Simmons,DIRECTOR
67758,Emily Morris,ACTOR
11277,Robbie Amell,ACTOR
400512,Toshiya Shinohara,DIRECTOR
8481,Chris Pontius,ACTOR
2000648,Cumhur Frankurt,ACTOR
380115,Takahiro,ACTOR
17511,Matt Hill,ACTOR
31988,Robb Wells,ACTOR
11691,Maya Rudolph,ACTOR
1538,Will Forte,ACTOR
255818,Song Hyun-wook,DIRECTOR
4216,Seth Rogen,ACTOR
130,Saori Hayami,ACTOR
64201,Ajay Devgn,ACTOR
57417,Chie Nakamura,ACTOR
65217,Diana Kaarina,ACTOR
8480,Steve-O,ACTOR
61019,Karisma Kapoor,ACTOR
928600,Anna Claire Bartlam,ACTOR
380,Mariya Ise,ACTOR
88323,Hochu Otsuka,ACTOR
130315,Nancy Reagan,ACTOR
157200,Hiroyuki Seshita,DIRECTOR
271347,Fortune Feimster,ACTOR
1302176,Alan C. Lim,ACTOR
11281,Chris Wylde,ACTOR
57416,Kazuhiko Inoue,ACTOR
9438,Joe Pesci,ACTOR
898909,ANARCHY,ACTOR
8482,Dave England,ACTOR
273,Minako Kotobuki,ACTOR
3911,Snoop Dogg,ACTOR
15679,America Young,ACTOR
132,Daisuke Ono,ACTOR
26948,Nawazuddin Siddiqui,ACTOR
311958,Iqbaal Dhiafakhri Ramadhan,ACTOR
64404,Suniel Shetty,ACTOR
1023252,Lucas Margutti,ACTOR
66201,John Dunsworth,ACTOR
134720,Lyndon B. Johnson,ACTOR
75908,Kenjiro Tsuda,ACTOR
34900,Bill Clinton,ACTOR
4460,Lynn Hung,ACTOR
70006,Ronald Reagan,ACTOR
61028,Zoya Akhtar,DIRECTOR
65266,Santhanam,ACTOR
698335,Michela Luci,ACTOR
667995,Nozomi Bando,ACTOR
38633,Kajol,ACTOR
164740,Liza Soberano,ACTOR
6958,Amitabh Bachchan,ACTOR
2317,Adam Sandler,ACTOR
11472,Graham Chapman,ACTOR
5146,David Spade,ACTOR
63361,Preity Zinta,ACTOR
2329,Dan Patrick,ACTOR
279828,Eric Peterson,ACTOR
1302175,Paul Killam,ACTOR
603920,Azusa Babazono,ACTOR
5271,Vincent Tong,ACTOR
87165,Jo Wyatt,ACTOR
69034,Paresh Rawal,ACTOR
2338,Jared Sandler,ACTOR
14143,Kari Wahlgren,ACTOR
63372,Sanjay Kapoor,ACTOR
96963,Masataka Kubota,ACTOR
24532,Ian James Corlett,ACTOR
38632,Shah Rukh Khan,ACTOR
395,Jun Fukuyama,ACTOR
53151,Saif Ali Khan,ACTOR
48003,Akshay Kumar,ACTOR
68842,Kento Hayashi,ACTOR
842844,Joseph Vecsey,ACTOR
1076,Lee Tockar,ACTOR
28166,Megumi Hayashibara,ACTOR
30771,Maaya Sakamoto,ACTOR
58204,Simon Greenall,ACTOR
45227,Rani Mukerji,ACTOR
34837,Ashleigh Ball,ACTOR
57654,Kentaro Ito,ACTOR
181860,Dimitry Elyashkevich,ACTOR
141692,Cathy Garcia-Molina,DIRECTOR
211560,Raúl Campos,DIRECTOR
927041,Jay Gragnani,ACTOR
63656,Arjun Rampal,ACTOR
68175,Prakash Jha,DIRECTOR
138,Takahiro Sakurai,ACTOR
130935,Vennela Kishore,ACTOR
11175,Kana Hanazawa,ACTOR
524,Jeff Bennett,ACTOR
339,Shin-ichiro Miki,ACTOR
182985,Gigi Saúl Guerrero,ACTOR
12022,Priyanka Chopra Jonas,ACTOR
144786,Kumiko Watanabe,ACTOR
54349,Gulshan Grover,ACTOR
28164,Ikue Otani,ACTOR
627934,Carlos Ballarta,ACTOR
63059,Manoj Joshi,ACTOR
1302174,Maisie Benson,ACTOR
94526,Yoshimasa Hosoya,ACTOR
252968,Masayasu Yagi,ACTOR
5157,Sunny Sandler,ACTOR
135,Hiroshi Kamiya,ACTOR
63367,Rajpal Yadav,ACTOR
603750,Wataru Ichinose,ACTOR
8472,Rob Schneider,ACTOR
378136,Rob Rackstraw,ACTOR
22310,Natsuki Hanae,ACTOR
1105389,Mike Pence,ACTOR
11476,Michael Palin,ACTOR
311536,Jamie Watson,ACTOR
66826,John Abraham,ACTOR
64205,Murali Sharma,ACTOR
34966,Brian Drummond,ACTOR
43856,Kazuhiro Yamaji,ACTOR
4677,Jack Black,ACTOR
14142,Grey DeLisle,ACTOR
164502,Takayuki Suzuki,ACTOR
177866,Yuriko Yamaguchi,ACTOR
55319,Keith Wickham,ACTOR
59297,Lee Han-wi,ACTOR
160,Terry Crews,ACTOR
10894,Rikiya Koyama,ACTOR
252607,Reina Triendl,ACTOR
65832,Patrick Roach,ACTOR
530826,Mahmoud el-Meliguy,ACTOR
45436,Nassar,ACTOR
141681,Joross Gamboa,ACTOR
36373,Kazuya Nakai,ACTOR
38637,Johnny Lever,ACTOR
26023,Lam Suet,ACTOR
456969,Kōichi Tōchika,ACTOR
667981,Kenjiro Yamashita,ACTOR
1023250,Giovanna Alparone,ACTOR
22311,Koichi Yamadera,ACTOR
156835,Yuki Yamada,ACTOR
8660,Margaret Cho,ACTOR
45228,Salman Khan,ACTOR
61033,Masako Katsuki,ACTOR
85458,Tatsuhisa Suzuki,ACTOR
1131219,Nicolas Aqui,ACTOR
881409,London Hughes,ACTOR
